"person_id","data","first_name","last_name","age","member_party","nominate_party","dist_no","party_no","party_name","list_no","titles","abs_votes","pct_votes","rank","mandate","municipality_id","highest_title","gender","row_id","approx_birth_year","occupation","residence","name"
70112,"municipal_1994","Bohumil","Andrlík",45,"KSČM","KSČM",NA,2,"Sdružení KSČM, NK",8,"",251,6.79,4,FALSE,571911,"No title","Male",70112,1949,NA,NA,NA
70112,"municipal_2002","Bohumil","Andrlík",53,"BEZPP","NK",NA,3,"Sdružení KSČM a NK",13,"",162,6.1,9,FALSE,571911,"No title","Male",91145,1949,NA,NA,NA
70112,"municipal_2006","Bohumil","Andrlík",57,"BEZPP","NK",NA,NA,"
Sdružení KSČM, NK
",14,"",135,5.65,10,FALSE,571911,"No title","Male",38637,1949,"důchodce","Libáň",NA
70146,"municipal_1994","Pavel","Bakeš",56,"BEZPP","KDU-ČSL",NA,5,"Křesť.a dem.unie-Čs.str.lidová",11,"",137,4.98,8,FALSE,571911,"No title","Male",70146,1938,NA,NA,NA
289608,"municipal_2002","Josef","Bakeš",41,"BEZPP","ČSSD",NA,1,"Česká str.sociálně demokrat.",12,"",88,4.16,9,FALSE,571911,"No title","Male",91114,1961,NA,NA,NA
352646,"municipal_2006","Roman","Bakeš",43,"BEZPP","NK",NA,NA,"
SNK Nasavrcka
",13,"",33,3.83,12,FALSE,571911,"No title","Male",38651,1963,"školník","Nasavrky - Ochoz",NA
442940,"municipal_2010","Petr","Bárta",58,"BEZPP","ČSSD",NA,NA,"
Česká str.sociálně demokrat.
",15,"",50,2.98,13,FALSE,571911,"No title","Male",46870,1952,"dělník","Nasavrky","Bárta Petr"
657853,"municipal_2018","Martin","Bartoš",50,"BEZPP","KSČM",1,47,"Komunistická strana Čech a Moravy",6,"",0,0,NA,FALSE,571911,"No title","Male",119795,1968,NA,NA,"Bartoš Martin"
70104,"municipal_1994","Josefa","Beránková",70,"BEZPP","ČSSD",NA,1,"Česká str.sociálně demokrat.",3,"",48,13.91,NA,FALSE,571911,"No title","Female",70104,1924,NA,NA,NA
195930,"municipal_1998","Ivan","Blažek",22,"US-DEU","US-DEU",NA,3,"Unie svobody",1,"",107,6.45,1,FALSE,571911,"No title","Male",85004,1976,NA,NA,NA
195930,"municipal_2002","Ivan","Blažek",26,"US-DEU","US-DEU",NA,4,"Koalice KDU-ČSL, US-DEU",5,"",127,6.25,4,FALSE,571911,"No title","Male",91152,1976,NA,NA,NA
195930,"municipal_2010","Ivan","Blažek",34,"BEZPP","NK",NA,NA,"
SNK Náš region Nasavrcko
",4,"Ing.",238,11.28,1,TRUE,571911,"Master","Male",46934,1976,"ekonom","Nasavrky","Blažek Ivan Ing."
538818,"municipal_2014","Lukáš","Blažek",29,"ODS","PATRIOTI",NA,NA,"
PATRIOTI
",5,"Mgr.",101,5.24,5,FALSE,571911,"Master","Male",44754,1985,"právní poradce","Nasavrky","Blažek Lukáš Mgr."
538822,"municipal_2014","Miroslav","Blažek",54,"BEZPP","PATRIOTI",NA,NA,"
PATRIOTI
",12,"",77,3.99,9,FALSE,571911,"No title","Male",44761,1960,"technik","Nasavrky","Blažek Miroslav"
195930,"municipal_2018","Ivan","Blažek",42,"TOP 09","PATRIOTI",1,776,"PATRIOTI",5,"",0,0,NA,FALSE,571911,"No title","Male",119835,1976,NA,NA,"Blažek Ivan"
538818,"municipal_2018","Lukáš","Blažek",33,"ODS","PATRIOTI",1,776,"PATRIOTI",6,"",0,0,NA,FALSE,571911,"No title","Male",119836,1985,NA,NA,"Blažek Lukáš"
352633,"municipal_2006","Ludmila","Blažková",51,"BEZPP","NK",NA,NA,"
Sdružení KSČM, NK
",10,"",93,3.89,6,FALSE,571911,"No title","Female",38633,1955,"účetní","Nasavrky",NA
195935,"municipal_1998","Karel","Boček",50,"BEZPP","US-DEU",NA,3,"Unie svobody",7,"",102,6.15,4,FALSE,571911,"No title","Male",85010,1948,NA,NA,NA
195935,"municipal_2002","Karel","Boček",54,"BEZPP","US-DEU",NA,4,"Koalice KDU-ČSL, US-DEU",13,"",99,4.87,10,FALSE,571911,"No title","Male",91160,1948,NA,NA,NA
352638,"municipal_2006","Karel","Boček",33,"BEZPP","NK",NA,NA,"
SNK Nasavrcka
",5,"",93,10.8,1,FALSE,571911,"No title","Male",38643,1973,"elektrikář","Nasavrky - Libáň",NA
289614,"municipal_2002","Dana","Brázdová",46,"BEZPP","ODS",NA,2,"Občanská demokratická strana",12,"",264,7.18,7,FALSE,571911,"No title","Female",91129,1956,NA,NA,NA
289614,"municipal_2006","Dana","Brázdová",50,"BEZPP","ODS",NA,NA,"
Občanská demokratická strana
",14,"Mgr.",249,6.48,8,FALSE,571911,"Master","Female",38622,1956,"ředitelka školy","Nasavrky - Ochoz",NA
289614,"municipal_2010","Dana","Brázdová",54,"BEZPP","ODS",NA,NA,"
Občanská demokratická strana
",14,"Mgr.",197,6.14,10,FALSE,571911,"Master","Female",46914,1956,"ředitelka školy","Nasavrky, Ochoz","Brázdová Dana Mgr."
442957,"municipal_2010","Martina","Brázdová",26,"BEZPP","NK",NA,NA,"
SNK Nasavrcka
",4,"Ing.",203,7.65,3,TRUE,571911,"Master","Female",46919,1984,"OSVČ - ekonom","Ochoz, Nasavrky","Brázdová Martina Ing."
352645,"municipal_2006","Jaroslav","Brebera",38,"BEZPP","NK",NA,NA,"
SNK Nasavrcka
",12,"",63,7.31,5,FALSE,571911,"No title","Male",38650,1968,"projektant","Nasavrky - Ochoz",NA
352591,"municipal_2006","Radek","Bureš",37,"BEZPP","ČSSD",NA,NA,"
Česká str.sociálně demokrat.
",5,"",137,6.88,4,FALSE,571911,"No title","Male",38561,1969,"podnikatel","Nasavrky",NA
352591,"municipal_2010","Radek","Bureš",41,"BEZPP","NK",NA,NA,"
SNK Náš region Nasavrcko
",1,"",139,6.59,4,FALSE,571911,"No title","Male",46931,1969,"podnikatel","Nasavrky","Bureš Radek"
352591,"municipal_2014","Radek","Bureš",45,"BEZPP","NK",NA,NA,"
ZA LEPŠÍ NASAVRCKO, SNK
",1,"",251,8.54,2,TRUE,571911,"No title","Male",44765,1969,"podnikatel","Nasavrky","Bureš Radek"
442947,"municipal_2010","Petra","Ceradská",35,"BEZPP","KDU-ČSL",NA,NA,"
Sdružení KDU-ČSL, NK
",14,"",44,4.67,13,FALSE,571911,"No title","Female",46884,1975,"úřednice","Nasavrky","Ceradská Petra"
442947,"municipal_2014","Petra","Ceradská",39,"KDU-ČSL","KDU-ČSL",NA,NA,"
KOALICE PRO NASAVRCKO
",6,"",62,4.99,6,FALSE,571911,"No title","Female",44725,1975,"pracovník obchod. provozu","Nasavrky","Ceradská Petra"
442947,"municipal_2018","Petra","Ceradská",43,"KDU-ČSL","KDU-ČSL",1,355,"KOALICE PRO NASAVRCKO",7,"",0,0,NA,FALSE,571911,"No title","Female",119807,1975,NA,NA,"Ceradská Petra"
70111,"municipal_1994","Čestmír","Čáp",44,"KSČM","KSČM",NA,2,"Sdružení KSČM, NK",7,"",223,6.03,3,FALSE,571911,"No title","Male",70111,1950,NA,NA,NA
442961,"municipal_2010","Lukáš","Čapek",29,"BEZPP","NK",NA,NA,"
SNK Nasavrcka
",10,"Ing.",171,6.44,7,FALSE,571911,"Master","Male",46925,1981,"referent pozemkových úprav","Nasavrky","Čapek Lukáš Ing."
352627,"municipal_2006","Monika","Čáslavská",28,"BEZPP","KDU-ČSL",NA,NA,"
Křesť.demokr.unie-Čs.str.lid.
",14,"",32,2.75,13,FALSE,571911,"No title","Female",38607,1978,"nezaměstnaná","Nasavrky - Ochoz",NA
352621,"municipal_2006","Petr","Čechlovský",35,"BEZPP","KDU-ČSL",NA,NA,"
Křesť.demokr.unie-Čs.str.lid.
",6,"",73,6.28,5,FALSE,571911,"No title","Male",38599,1971,"elektrikář","Nasavrky",NA
352621,"municipal_2010","Petr","Čechlovský",39,"BEZPP","NK",NA,NA,"
Sdružení KDU-ČSL, NK
",3,"",69,7.32,5,FALSE,571911,"No title","Male",46873,1971,"elektrikář","Nasavrky","Čechlovský Petr"
538830,"municipal_2014","Marcela","Černá",51,"BEZPP","NK",NA,NA,"
ZA LEPŠÍ NASAVRCKO, SNK
",14,"",170,5.78,10,FALSE,571911,"No title","Female",44778,1963,"podnikatel","Nasavrky","Černá Marcela"
657861,"municipal_2018","Martin","Čížek",39,"BEZPP","ANO",1,768,"ANO 2011",11,"",0,0,NA,FALSE,571911,"No title","Male",119826,1979,NA,NA,"Čížek Martin"
442942,"municipal_2010","Barbora","Dalecká",24,"BEZPP","KDU-ČSL",NA,NA,"
Sdružení KDU-ČSL, NK
",4,"",42,4.45,6,FALSE,571911,"No title","Female",46874,1986,"kosmetické služby","Ochoz","Dalecká Barbora"
442942,"municipal_2014","Barbora","Dalecká",28,"BEZPP","KDU-ČSL",NA,NA,"
KOALICE PRO NASAVRCKO
",10,"",68,5.47,9,FALSE,571911,"No title","Female",44729,1986,"kosmetické služby","Ochoz","Dalecká Barbora"
442942,"municipal_2018","Barbora","Dalecká",31,"BEZPP","KDU-ČSL",1,355,"KOALICE PRO NASAVRCKO",10,"",0,0,NA,FALSE,571911,"No title","Female",119810,1987,NA,NA,"Dalecká Barbora"
70113,"municipal_1994","Vladimír","Dienelt",42,"BEZPP","NK",NA,2,"Sdružení KSČM, NK",9,"",170,4.6,5,FALSE,571911,"No title","Male",70113,1952,NA,NA,NA
70113,"municipal_1998","Vladimír","Dienelt",46,"BEZPP","NK",NA,1,"Sdružení KSČM, NK",8,"",121,4.45,4,FALSE,571911,"No title","Male",84991,1952,NA,NA,NA
70121,"municipal_1994","Milan","Doležal",59,"ODS","ODS",NA,3,"Občanská demokratická strana",2,"",452,10.31,2,TRUE,571911,"No title","Male",70121,1935,NA,NA,NA
70121,"municipal_1998","Milan","Doležal",63,"US-DEU","US-DEU",NA,3,"Unie svobody",2,"",256,15.44,2,TRUE,571911,"No title","Male",85005,1935,NA,NA,NA
70121,"municipal_2002","Milan","Doležal",67,"US-DEU","US-DEU",NA,4,"Koalice KDU-ČSL, US-DEU",9,"",143,7.03,6,FALSE,571911,"No title","Male",91156,1935,NA,NA,NA
442967,"municipal_2010","Zdeněk","Doležal",41,"BEZPP","NK",NA,NA,"
SNK Náš region Nasavrcko
",2,"",201,9.53,3,TRUE,571911,"No title","Male",46932,1969,"zaměstnanec soukr. firmy","Nasavrky","Doležal Zdeněk"
352630,"municipal_2006","Jana","Doležalová",31,"BEZPP","ODS",NA,NA,"
Občanská demokratická strana
",11,"",226,5.88,5,FALSE,571911,"No title","Female",38619,1975,"úřednice","Nasavrky",NA
442949,"municipal_2010","Jaromír","Dopita",53,"KSČM","KSČM",NA,NA,"
Komunistická str.Čech a Moravy
",10,"",82,4.05,8,FALSE,571911,"No title","Male",46895,1957,"zaměstnanec","Nasavrky Drahotice","Dopita Jaromír"
442949,"municipal_2014","Jaromír","Dopita",57,"BEZPP","NK",NA,NA,"
Sdružení KSČM, NK
",10,"",75,4.17,8,FALSE,571911,"No title","Male",44744,1957,"technik","Drahotice","Dopita Jaromír"
442949,"municipal_2018","Jaromír","Dopita",61,"BEZPP","KSČM",1,47,"Komunistická strana Čech a Moravy",7,"",0,0,NA,FALSE,571911,"No title","Male",119796,1957,NA,NA,"Dopita Jaromír"
352629,"municipal_2006","Jan","Dostál",35,"BEZPP","ODS",NA,NA,"
Občanská demokratická strana
",8,"",229,5.96,2,FALSE,571911,"No title","Male",38616,1971,"podnikatel","Nasavrky",NA
352629,"municipal_2010","Jan","Dostál",39,"BEZPP","ODS",NA,NA,"
Občanská demokratická strana
",4,"",234,7.3,4,TRUE,571911,"No title","Male",46904,1971,"podnikatel","Nasavrky","Dostál Jan"
657864,"municipal_2018","Jan","Dostál",26,"BEZPP","PATRIOTI",1,776,"PATRIOTI",13,"",0,0,NA,FALSE,571911,"No title","Male",119843,1992,NA,NA,"Dostál Jan"
195947,"municipal_1998","Vladimír","Dostálek",34,"BEZPP","ODS",NA,5,"Občanská demokratická strana",7,"",193,6.26,4,FALSE,571911,"No title","Male",85036,1964,NA,NA,NA
195947,"municipal_2002","Vladimír","Dostálek",38,"BEZPP","ODS",NA,2,"Občanská demokratická strana",7,"",239,6.5,2,FALSE,571911,"No title","Male",91124,1964,NA,NA,NA
289603,"municipal_2002","Luboš","Dostálek",40,"BEZPP","ČSSD",NA,1,"Česká str.sociálně demokrat.",7,"",277,13.1,2,TRUE,571911,"No title","Male",91109,1962,NA,NA,NA
195947,"municipal_2006","Vladimír","Dostálek",42,"BEZPP","ODS",NA,NA,"
Občanská demokratická strana
",10,"",261,6.8,4,FALSE,571911,"No title","Male",38618,1964,"podnikatel","Nasavrky",NA
289603,"municipal_2006","Luboš","Dostálek",44,"BEZPP","ČSSD",NA,NA,"
Česká str.sociálně demokrat.
",1,"",251,12.6,1,TRUE,571911,"No title","Male",38557,1962,"technik","Nasavrky",NA
195947,"municipal_2010","Vladimír","Dostálek",46,"BEZPP","ODS",NA,NA,"
Občanská demokratická strana
",6,"",213,6.64,2,FALSE,571911,"No title","Male",46906,1964,"podnikatel","Nasavrky","Dostálek Vladimír"
289603,"municipal_2010","Luboš","Dostálek",48,"BEZPP","ČSSD",NA,NA,"
Česká str.sociálně demokrat.
",2,"",248,14.79,1,TRUE,571911,"No title","Male",46857,1962,"technik","Nasavrky","Dostálek Luboš"
195947,"municipal_2014","Vladimír","Dostálek",50,"BEZPP","ANO",NA,NA,"
ANO 2011
",7,"",220,6.8,3,FALSE,571911,"No title","Male",44711,1964,"OSVČ","Nasavrky","Dostálek Vladimír"
289603,"municipal_2014","Luboš","Dostálek",52,"BEZPP","PATRIOTI",NA,NA,"
PATRIOTI
",4,"",241,12.5,1,TRUE,571911,"No title","Male",44753,1962,"technik","Nasavrky","Dostálek Luboš"
538820,"municipal_2014","Tomáš","Dostálek",28,"BEZPP","PATRIOTI",NA,NA,"
PATRIOTI
",10,"Ing.",121,6.27,7,FALSE,571911,"Master","Male",44759,1986,"přípravář  výroby","Nasavrky","Dostálek Tomáš Ing."
195947,"municipal_2018","Vladimír","Dostálek",54,"BEZPP","ANO",1,768,"ANO 2011",13,"",0,0,NA,FALSE,571911,"No title","Male",119828,1964,NA,NA,"Dostálek Vladimír"
289603,"municipal_2018","Luboš","Dostálek",56,"BEZPP","PATRIOTI",1,776,"PATRIOTI",8,"",0,0,NA,FALSE,571911,"No title","Male",119838,1962,NA,NA,"Dostálek Luboš"
538820,"municipal_2018","Tomáš","Dostálek",32,"BEZPP","PATRIOTI",1,776,"PATRIOTI",11,"",0,0,NA,FALSE,571911,"No title","Male",119841,1986,NA,NA,"Dostálek Tomáš"
442937,"municipal_2010","Otakar","Drobílek",62,"BEZPP","ČSSD",NA,NA,"
Česká str.sociálně demokrat.
",9,"",68,4.05,7,FALSE,571911,"No title","Male",46864,1948,"důchodce","Nasavrky","Drobílek Otakar"
70103,"municipal_1994","Danuše","Dubská",68,"BEZPP","ČSSD",NA,1,"Česká str.sociálně demokrat.",2,"",67,19.42,NA,FALSE,571911,"No title","Female",70103,1926,NA,NA,NA
70103,"municipal_1998","Danuše","Dubská",72,"BEZPP","NK",NA,2,"Sdružení ČSSD, NK",4,"",59,8.4,3,FALSE,571911,"No title","Female",85002,1926,NA,NA,NA
289607,"municipal_2002","Ladislav","Dubský",42,"BEZPP","ČSSD",NA,1,"Česká str.sociálně demokrat.",11,"",78,3.69,8,FALSE,571911,"No title","Male",91113,1960,NA,NA,NA
352641,"municipal_2006","Petr","Dubský",21,"BEZPP","NK",NA,NA,"
SNK Nasavrcka
",8,"",21,2.43,9,FALSE,571911,"No title","Male",38646,1985,"dělník - opravář","Nasavrky - Libáň",NA
657855,"municipal_2018","Martin","Dubský",28,"BEZPP","KDU-ČSL",1,355,"KOALICE PRO NASAVRCKO",11,"",0,0,NA,FALSE,571911,"No title","Male",119811,1990,NA,NA,"Dubský Martin"
70123,"municipal_1994","Marie","Dušková",58,"ODS","ODS",NA,3,"Občanská demokratická strana",4,"",210,4.79,1,FALSE,571911,"No title","Female",70123,1936,NA,NA,NA
70123,"municipal_1998","Marie","Dušková",62,"ODS","ODS",NA,5,"Občanská demokratická strana",15,"",98,3.18,10,FALSE,571911,"No title","Female",85044,1936,NA,NA,NA
538811,"municipal_2014","Ľubica","Elichová",30,"BEZPP","NK",NA,NA,"
KOALICE PRO NASAVRCKO
",9,"Bc. DiS.",57,4.59,8,FALSE,571911,"Bachelor","Female",44728,1984,"zdravotní sestra","Nová Ves","Elichová Ľubica Bc. DiS."
538811,"municipal_2018","Ľubica","Elichová",34,"BEZPP","NK",1,355,"KOALICE PRO NASAVRCKO",8,"",0,0,NA,FALSE,571911,"No title","Female",119808,1984,NA,NA,"Elichová Ľubica"
442950,"municipal_2010","Jana","Enešová",58,"KSČM","KSČM",NA,NA,"
Komunistická str.Čech a Moravy
",11,"",76,3.75,9,FALSE,571911,"No title","Female",46896,1952,"důchodce","Nasavrky","Enešová Jana"
442950,"municipal_2014","Jana","Enešová",62,"KSČM","KSČM",NA,NA,"
Sdružení KSČM, NK
",9,"",79,4.4,7,FALSE,571911,"No title","Female",44743,1952,"důchodkyně","Nasavrky","Enešová Jana"
442950,"municipal_2018","Jana","Enešová",66,"KSČM","KSČM",1,47,"Komunistická strana Čech a Moravy",4,"",0,0,NA,FALSE,571911,"No title","Female",119793,1952,NA,NA,"Enešová Jana"
70118,"municipal_1994","Josef","Exner",38,"KSČM","KSČM",NA,2,"Sdružení KSČM, NK",14,"",235,6.35,9,FALSE,571911,"No title","Male",70118,1956,NA,NA,NA
70118,"municipal_1998","Josef","Exner",42,"KSČM","KSČM",NA,1,"Sdružení KSČM, NK",9,"",158,5.81,5,FALSE,571911,"No title","Male",84992,1956,NA,NA,NA
70118,"municipal_2002","Josef","Exner",46,"KSČM","KSČM",NA,3,"Sdružení KSČM a NK",11,"",167,6.29,7,FALSE,571911,"No title","Male",91143,1956,NA,NA,NA
70118,"municipal_2006","Josef","Exner",50,"KSČM","KSČM",NA,NA,"
Sdružení KSČM, NK
",8,"Ing.",131,5.48,4,FALSE,571911,"Master","Male",38631,1956,"podnikatel","Nasavrky",NA
70118,"municipal_2010","Josef","Exner",54,"KSČM","KSČM",NA,NA,"
Komunistická str.Čech a Moravy
",12,"Ing.",87,4.3,10,FALSE,571911,"Master","Male",46897,1956,"živnostník","Nasavrky","Exner Josef Ing."
70118,"municipal_2014","Josef","Exner",58,"KSČM","KSČM",NA,NA,"
Sdružení KSČM, NK
",11,"Ing.",95,5.29,9,FALSE,571911,"Master","Male",44745,1956,"podnikatel","Nasavrky","Exner Josef Ing."
70118,"municipal_2018","Josef","Exner",62,"KSČM","KSČM",1,47,"Komunistická strana Čech a Moravy",9,"",0,0,NA,FALSE,571911,"No title","Male",119798,1956,NA,NA,"Exner Josef"
538819,"municipal_2014","Jana","Grimmlová",30,"BEZPP","PATRIOTI",NA,NA,"
PATRIOTI
",9,"Bc.",73,3.78,6,FALSE,571911,"Bachelor","Female",44758,1984,"archivářka na RD","Nasavrky","Grimmlová Jana Bc."
538831,"municipal_2014","Vladimír","Hanousek",57,"BEZPP","NK",NA,NA,"
ZA LEPŠÍ NASAVRCKO, SNK
",15,"",147,5,11,FALSE,571911,"No title","Male",44779,1957,"státní zaměstnanec","Ochoz","Hanousek Vladimír"
538813,"municipal_2014","Leoš","Hnízdo",19,"BEZPP","NK",NA,NA,"
KOALICE PRO NASAVRCKO
",12,"",60,4.83,11,FALSE,571911,"No title","Male",44731,1995,"student","Nasavrky","Hnízdo Leoš"
442969,"municipal_2010","Jaromíra","Holcová",57,"BEZPP","NK",NA,NA,"
SNK Náš region Nasavrcko
",8,"",103,4.88,6,FALSE,571911,"No title","Female",46938,1953,"administrativní pracovnice","Nasavrky","Holcová Jaromíra"
289606,"municipal_2002","Radovan","Holec",27,"BEZPP","ČSSD",NA,1,"Česká str.sociálně demokrat.",10,"",131,6.19,7,FALSE,571911,"No title","Male",91112,1975,NA,NA,NA
538816,"municipal_2014","Stanislav","Holec",37,"BEZPP","NK",NA,NA,"
Sdružení KSČM, NK
",8,"",141,7.85,3,FALSE,571911,"No title","Male",44742,1977,"podnikatel","Nasavrky","Holec Stanislav"
538816,"municipal_2018","Stanislav","Holec",41,"BEZPP","KSČM",1,47,"Komunistická strana Čech a Moravy",2,"",0,0,NA,FALSE,571911,"No title","Male",119791,1977,NA,NA,"Holec Stanislav"
289612,"municipal_2002","Marcela","Holinková",41,"BEZPP","ODS",NA,2,"Občanská demokratická strana",3,"",327,8.9,3,TRUE,571911,"No title","Female",91120,1961,NA,NA,NA
289612,"municipal_2006","Marcela","Holinková",45,"BEZPP","ODS",NA,NA,"
Občanská demokratická strana
",5,"",258,6.72,5,TRUE,571911,"No title","Female",38613,1961,"podnikatelka","Nasavrky",NA
289612,"municipal_2014","Marcela","Holinková",53,"BEZPP","ANO",NA,NA,"
ANO 2011
",5,"",256,7.92,3,TRUE,571911,"No title","Female",44709,1961,"masérka","Nasavrky","Holinková Marcela"
289612,"municipal_2018","Marcela","Holinková",57,"BEZPP","ANO",1,768,"ANO 2011",2,"",0,0,NA,FALSE,571911,"No title","Female",119817,1961,NA,NA,"Holinková Marcela"
195948,"municipal_1998","Marcela","Holínková",37,"BEZPP","ODS",NA,5,"Občanská demokratická strana",8,"",300,9.74,2,TRUE,571911,"No title","Female",85037,1961,NA,NA,NA
442960,"municipal_2010","Jana","Honková",53,"BEZPP","NK",NA,NA,"
SNK Nasavrcka
",9,"",137,5.16,6,FALSE,571911,"No title","Female",46924,1957,"úřednice pohřební služby","Ochoz, Nasavrky","Honková Jana"
289602,"municipal_2002","Jiří","Horák",47,"BEZPP","ČSSD",NA,1,"Česká str.sociálně demokrat.",6,"",102,4.82,4,FALSE,571911,"No title","Male",91108,1955,NA,NA,NA
442962,"municipal_2010","Luděk","Horník",39,"BEZPP","NK",NA,NA,"
SNK Nasavrcka
",11,"",176,6.63,8,FALSE,571911,"No title","Male",46926,1971,"OSVČ - truhlářství","Nasavrky","Horník Luděk"
70116,"municipal_1994","Věra","Horníková",60,"KSČM","KSČM",NA,2,"Sdružení KSČM, NK",12,"",159,4.3,7,FALSE,571911,"No title","Female",70116,1934,NA,NA,NA
70116,"municipal_2018","Věra","Horníková",84,"KSČM","KSČM",1,47,"Komunistická strana Čech a Moravy",11,"",0,0,NA,FALSE,571911,"No title","Female",119800,1934,NA,NA,"Horníková Věra"
352637,"municipal_2006","Eliška","Hortenská",25,"BEZPP","NK",NA,NA,"
SNK Nasavrcka
",3,"DiS.",61,7.08,7,FALSE,571911,"No title","Female",38641,1981,"projektová manažerka","Nasavrky",NA
70147,"municipal_1994","Marianna","Hrdličková",45,"KDU-ČSL","KDU-ČSL",NA,5,"Křesť.a dem.unie-Čs.str.lidová",12,"",135,4.91,9,FALSE,571911,"No title","Female",70147,1949,NA,NA,NA
70147,"municipal_1998","Marianna","Hrdličková",49,"KDU-ČSL","KDU-ČSL",NA,4,"Křesť.demokr.unie-Čs.str.lid.",12,"",82,5.59,10,FALSE,571911,"No title","Female",85026,1949,NA,NA,NA
70147,"municipal_2002","Marianna","Hrdličková",53,"KDU-ČSL","KDU-ČSL",NA,4,"Koalice KDU-ČSL, US-DEU",12,"",58,2.85,9,FALSE,571911,"No title","Female",91159,1949,NA,NA,NA
70126,"municipal_1994","Milan","Chvojka",28,"BEZPP","ODS",NA,3,"Občanská demokratická strana",7,"",471,10.75,1,TRUE,571911,"No title","Male",70126,1966,NA,NA,NA
70126,"municipal_1998","Milan","Chvojka",32,"BEZPP","ODS",NA,5,"Občanská demokratická strana",1,"",427,13.86,1,TRUE,571911,"No title","Male",85030,1966,NA,NA,NA
70126,"municipal_2002","Milan","Chvojka",36,"BEZPP","ODS",NA,2,"Občanská demokratická strana",1,"",514,13.99,1,TRUE,571911,"No title","Male",91118,1966,NA,NA,NA
70126,"municipal_2006","Milan","Chvojka",40,"BEZPP","ODS",NA,NA,"
Občanská demokratická strana
",1,"Mgr.",466,12.14,1,TRUE,571911,"Master","Male",38609,1966,"starosta Nasavrk","Nasavrky",NA
70126,"municipal_2010","Milan","Chvojka",44,"BEZPP","ODS",NA,NA,"
Občanská demokratická strana
",1,"Mgr.",346,10.79,1,TRUE,571911,"Master","Male",46901,1966,"starosta Nasavrk","Nasavrky","Chvojka Milan Mgr."
70126,"municipal_2014","Milan","Chvojka",48,"BEZPP","ANO",NA,NA,"
ANO 2011
",1,"Mgr.",351,10.86,1,TRUE,571911,"Master","Male",44705,1966,"starosta","Nasavrky","Chvojka Milan Mgr."
70126,"municipal_2018","Milan","Chvojka",52,"BEZPP","ANO",1,768,"ANO 2011",1,"",0,0,NA,FALSE,571911,"No title","Male",119816,1966,NA,NA,"Chvojka Milan"
352597,"municipal_2006","Marie","Chvojková",50,"BEZPP","ČSSD",NA,NA,"
Česká str.sociálně demokrat.
",13,"",158,7.93,1,FALSE,571911,"No title","Female",38569,1956,"vedoucí pobočky ČS","Nasavrky",NA
70134,"municipal_1994","Pavel","Janeček",50,"ODS","ODS",NA,3,"Občanská demokratická strana",15,"",259,5.91,9,FALSE,571911,"No title","Male",70134,1944,NA,NA,NA
70134,"municipal_1998","Pavel","Janeček",54,"BEZPP","US-DEU",NA,3,"Unie svobody",10,"",105,6.33,7,FALSE,571911,"No title","Male",85013,1944,NA,NA,NA
352620,"municipal_2006","Roman","Janeček",38,"BEZPP","KDU-ČSL",NA,NA,"
Křesť.demokr.unie-Čs.str.lid.
",5,"",66,5.68,4,FALSE,571911,"No title","Male",38598,1968,"podnikatel","Nasavrky",NA
442959,"municipal_2010","Iveta","Jedličková",33,"BEZPP","NK",NA,NA,"
SNK Nasavrcka
",6,"",180,6.78,3,FALSE,571911,"No title","Female",46921,1977,"prodavačka","Nasavrky","Jedličková Iveta"
442959,"municipal_2014","Iveta","Jedličková",37,"BEZPP","NK",NA,NA,"
ZA LEPŠÍ NASAVRCKO, SNK
",5,"",259,8.81,1,TRUE,571911,"No title","Female",44769,1977,"prodavačka","Nasavrky","Jedličková Iveta"
70136,"municipal_1994","Jan","Jelínek",51,"BEZPP","KDU-ČSL",NA,5,"Křesť.a dem.unie-Čs.str.lidová",1,"",357,13,1,TRUE,571911,"No title","Male",70136,1943,NA,NA,NA
70136,"municipal_1998","Jan","Jelínek",55,"BEZPP","KDU-ČSL",NA,4,"Křesť.demokr.unie-Čs.str.lid.",1,"",280,19.11,1,TRUE,571911,"No title","Male",85015,1943,NA,NA,NA
195945,"municipal_1998","Jiří","Jelínek",37,"BEZPP","ODS",NA,5,"Občanská demokratická strana",2,"",195,6.33,5,TRUE,571911,"No title","Male",85031,1961,NA,NA,NA
70136,"municipal_2002","Jan","Jelínek",59,"BEZPP","KDU-ČSL",NA,4,"Koalice KDU-ČSL, US-DEU",1,"",226,11.12,3,TRUE,571911,"No title","Male",91148,1943,NA,NA,NA
195945,"municipal_2002","Jiří","Jelínek",41,"BEZPP","ODS",NA,2,"Občanská demokratická strana",5,"",192,5.22,5,TRUE,571911,"No title","Male",91122,1961,NA,NA,NA
70136,"municipal_2006","Jan","Jelínek",63,"KDU-ČSL","KDU-ČSL",NA,NA,"
Křesť.demokr.unie-Čs.str.lid.
",1,"Ing.",174,14.98,1,TRUE,571911,"Master","Male",38594,1943,"projektant","Nasavrky",NA
195945,"municipal_2006","Jiří","Jelínek",45,"BEZPP","ODS",NA,NA,"
Občanská demokratická strana
",4,"",220,5.73,4,TRUE,571911,"No title","Male",38612,1961,"vedoucí střediska","Nasavrky",NA
70136,"municipal_2010","Jan","Jelínek",67,"KDU-ČSL","KDU-ČSL",NA,NA,"
Sdružení KDU-ČSL, NK
",2,"Ing.",111,11.78,1,TRUE,571911,"Master","Male",46872,1943,"důchodce","Nasavrky","Jelínek Jan Ing."
195945,"municipal_2010","Jiří","Jelínek",49,"BEZPP","ODS",NA,NA,"
Občanská demokratická strana
",9,"",172,5.36,5,FALSE,571911,"No title","Male",46909,1961,"vedoucí střediska","Nasavrky","Jelínek Jiří"
70136,"municipal_2014","Jan","Jelínek",71,"KDU-ČSL","KDU-ČSL",NA,NA,"
KOALICE PRO NASAVRCKO
",3,"Ing.",118,9.5,2,FALSE,571911,"Master","Male",44722,1943,"OSVČ","Nasavrky","Jelínek Jan Ing."
195945,"municipal_2014","Jiří","Jelínek",53,"BEZPP","ANO",NA,NA,"
ANO 2011
",12,"",148,4.57,7,FALSE,571911,"No title","Male",44716,1961,"mistr servisu HNS","Nasavrky","Jelínek Jiří"
70136,"municipal_2018","Jan","Jelínek",75,"KDU-ČSL","KDU-ČSL",1,355,"KOALICE PRO NASAVRCKO",4,"",0,0,NA,FALSE,571911,"No title","Male",119804,1943,NA,NA,"Jelínek Jan"
657858,"municipal_2018","Michal","Jelínek",35,"BEZPP","ANO",1,768,"ANO 2011",6,"",0,0,NA,FALSE,571911,"No title","Male",119821,1983,NA,NA,"Jelínek Michal"
70149,"municipal_1994","František","Jeníček",56,"KDU-ČSL","KDU-ČSL",NA,5,"Křesť.a dem.unie-Čs.str.lidová",14,"",185,6.73,10,FALSE,571911,"No title","Male",70149,1938,NA,NA,NA
70149,"municipal_2006","František","Jeníček",68,"KDU-ČSL","KDU-ČSL",NA,NA,"
Křesť.demokr.unie-Čs.str.lid.
",15,"",72,6.2,14,FALSE,571911,"No title","Male",38608,1938,"důchodce","Nasavrky - Ochoz",NA
195944,"municipal_1998","Bohumila","Jeníčková",57,"BEZPP","KDU-ČSL",NA,4,"Křesť.demokr.unie-Čs.str.lid.",14,"",65,4.43,12,FALSE,571911,"No title","Female",85028,1941,NA,NA,NA
195944,"municipal_2002","Bohumila","Jeníčková",61,"BEZPP","KDU-ČSL",NA,4,"Koalice KDU-ČSL, US-DEU",14,"",58,2.85,11,FALSE,571911,"No title","Female",91161,1941,NA,NA,NA
442951,"municipal_2010","Josef","Jeřábek",54,"BEZPP","KSČM",NA,NA,"
Komunistická str.Čech a Moravy
",13,"",82,4.05,11,FALSE,571911,"No title","Male",46898,1956,"učitel","Nasavrky","Jeřábek Josef"
442951,"municipal_2014","Josef","Jeřábek",58,"BEZPP","NK",NA,NA,"
Sdružení KSČM, NK
",13,"",78,4.34,11,FALSE,571911,"No title","Male",44747,1956,"učitel","Nasavrky","Jeřábek Josef"
442951,"municipal_2018","Josef","Jeřábek",62,"BEZPP","KSČM",1,47,"Komunistická strana Čech a Moravy",5,"",0,0,NA,FALSE,571911,"No title","Male",119794,1956,NA,NA,"Jeřábek Josef"
195931,"municipal_1998","Blahoslav","Jindřichovský",57,"BEZPP","US-DEU",NA,3,"Unie svobody",3,"",310,18.69,1,TRUE,571911,"No title","Male",85006,1941,NA,NA,NA
195931,"municipal_2002","Blahoslav","Jindřichovský",61,"BEZPP","US-DEU",NA,4,"Koalice KDU-ČSL, US-DEU",7,"",272,13.38,1,TRUE,571911,"No title","Male",91154,1941,NA,NA,NA
195931,"municipal_2006","Blahoslav","Jindřichovský",65,"BEZPP","NK",NA,NA,"
Sdružení KSČM, NK
",7,"JUDr.",238,9.97,2,TRUE,571911,"Doctor","Male",38630,1941,"důchodce","Nasavrky",NA
195931,"municipal_2010","Blahoslav","Jindřichovský",69,"BEZPP","KSČM",NA,NA,"
Komunistická str.Čech a Moravy
",9,"JUDr.",175,8.65,2,FALSE,571911,"Doctor","Male",46894,1941,"důchodce","Nasavrky","Jindřichovský Blahoslav JUDr."
70129,"municipal_1994","František","Karlík",41,"BEZPP","ODS",NA,3,"Občanská demokratická strana",10,"",247,5.63,4,FALSE,571911,"No title","Male",70129,1953,NA,NA,NA
70129,"municipal_1998","František","Karlík",45,"BEZPP","ODS",NA,5,"Občanská demokratická strana",12,"",164,5.32,7,FALSE,571911,"No title","Male",85041,1953,NA,NA,NA
70129,"municipal_2002","František","Karlík",49,"BEZPP","ODS",NA,2,"Občanská demokratická strana",15,"",195,5.31,10,FALSE,571911,"No title","Male",91132,1953,NA,NA,NA
70129,"municipal_2006","František","Karlík",53,"BEZPP","ODS",NA,NA,"
Občanská demokratická strana
",15,"",159,4.14,9,FALSE,571911,"No title","Male",38623,1953,"technik","Nasavrky",NA
70106,"municipal_1994","Jan","Kindlman",40,"KSČM","KSČM",NA,2,"Sdružení KSČM, NK",2,"",286,7.74,3,TRUE,571911,"No title","Male",70106,1954,NA,NA,NA
70106,"municipal_1998","Jan","Kindlman",44,"KSČM","KSČM",NA,1,"Sdružení KSČM, NK",2,"",212,7.79,3,TRUE,571911,"No title","Male",84985,1954,NA,NA,NA
70106,"municipal_2002","Jan","Kindlman",48,"KSČM","KSČM",NA,3,"Sdružení KSČM a NK",2,"",226,8.52,3,TRUE,571911,"No title","Male",91134,1954,NA,NA,NA
70106,"municipal_2006","Jan","Kindlman",52,"KSČM","KSČM",NA,NA,"
Sdružení KSČM, NK
",1,"",222,9.3,3,TRUE,571911,"No title","Male",38624,1954,"podnikatel","Nasavrky",NA
70106,"municipal_2010","Jan","Kindlman",56,"KSČM","KSČM",NA,NA,"
Komunistická str.Čech a Moravy
",1,"",217,10.73,1,TRUE,571911,"No title","Male",46886,1954,"podnikatel","Nasavrky","Kindlman Jan"
70106,"municipal_2014","Jan","Kindlman",60,"KSČM","KSČM",NA,NA,"
Sdružení KSČM, NK
",2,"",200,11.14,1,TRUE,571911,"No title","Male",44736,1954,"podnikatel","Nasavrky","Kindlman Jan"
70106,"municipal_2018","Jan","Kindlman",64,"KSČM","KSČM",1,47,"Komunistická strana Čech a Moravy",3,"",0,0,NA,FALSE,571911,"No title","Male",119792,1954,NA,NA,"Kindlman Jan"
289619,"municipal_2002","Marie","Klapková",61,"BEZPP","KDU-ČSL",NA,4,"Koalice KDU-ČSL, US-DEU",10,"",125,6.15,7,FALSE,571911,"No title","Female",91157,1941,NA,NA,NA
195949,"municipal_1998","Oldřich","Kliment",39,"BEZPP","ODS",NA,5,"Občanská demokratická strana",9,"",165,5.35,5,FALSE,571911,"No title","Male",85038,1959,NA,NA,NA
195949,"municipal_2002","Oldřich","Kliment",43,"BEZPP","ODS",NA,2,"Občanská demokratická strana",9,"",194,5.28,4,FALSE,571911,"No title","Male",91126,1959,NA,NA,NA
195949,"municipal_2006","Oldřich","Kliment",47,"BEZPP","ODS",NA,NA,"
Občanská demokratická strana
",13,"",218,5.68,7,FALSE,571911,"No title","Male",38621,1959,"podnikatel","Nasavrky",NA
195949,"municipal_2010","Oldřich","Kliment",51,"BEZPP","ODS",NA,NA,"
Občanská demokratická strana
",15,"",170,5.3,11,FALSE,571911,"No title","Male",46915,1959,"podnikatel","Nasavrky","Kliment Oldřich"
195949,"municipal_2014","Oldřich","Kliment",55,"BEZPP","ANO",NA,NA,"
ANO 2011
",15,"",149,4.61,10,FALSE,571911,"No title","Male",44719,1959,"podnikatel","Nasavrky","Kliment Oldřich"
657860,"municipal_2018","Radek","Kliment",34,"BEZPP","ANO",1,768,"ANO 2011",9,"",0,0,NA,FALSE,571911,"No title","Male",119824,1984,NA,NA,"Kliment Radek"
657863,"municipal_2018","Tomáš","Kliment",39,"BEZPP","PATRIOTI",1,776,"PATRIOTI",9,"",0,0,NA,FALSE,571911,"No title","Male",119839,1979,NA,NA,"Kliment Tomáš"
289617,"municipal_2002","Petr","Klusoň",33,"BEZPP","US-DEU",NA,4,"Koalice KDU-ČSL, US-DEU",2,"",199,9.79,1,FALSE,571911,"No title","Male",91149,1969,NA,NA,NA
657856,"municipal_2018","Šimon","Kopčák",26,"BEZPP","KDU-ČSL",1,355,"KOALICE PRO NASAVRCKO",12,"",0,0,NA,FALSE,571911,"No title","Male",119812,1992,NA,NA,"Kopčák Šimon"
70137,"municipal_1994","Zdeňka","Kopčáková",35,"KDU-ČSL","KDU-ČSL",NA,5,"Křesť.a dem.unie-Čs.str.lidová",2,"",182,6.62,1,FALSE,571911,"No title","Female",70137,1959,NA,NA,NA
195942,"municipal_1998","Zdena","Kopčáková",39,"KDU-ČSL","KDU-ČSL",NA,4,"Křesť.demokr.unie-Čs.str.lid.",8,"",87,5.93,6,FALSE,571911,"No title","Female",85022,1959,NA,NA,NA
289618,"municipal_2002","Zdenka","Kopčáková",43,"KDU-ČSL","KDU-ČSL",NA,4,"Koalice KDU-ČSL, US-DEU",8,"",69,3.39,5,FALSE,571911,"No title","Female",91155,1959,NA,NA,NA
289618,"municipal_2006","Zdenka","Kopčáková",47,"KDU-ČSL","KDU-ČSL",NA,NA,"
Křesť.demokr.unie-Čs.str.lid.
",3,"",110,9.47,2,FALSE,571911,"No title","Female",38596,1959,"zaměstnankyně ČD","Nasavrky - Ochoz",NA
289618,"municipal_2010","Zdenka","Kopčáková",51,"KDU-ČSL","KDU-ČSL",NA,NA,"
Sdružení KDU-ČSL, NK
",9,"",83,8.81,3,FALSE,571911,"No title","Female",46879,1959,"zaměstnanec ČD","Ochoz","Kopčáková Zdenka"
289618,"municipal_2014","Zdenka","Kopčáková",55,"KDU-ČSL","KDU-ČSL",NA,NA,"
KOALICE PRO NASAVRCKO
",7,"",98,7.89,4,FALSE,571911,"No title","Female",44726,1959,"zaměstnanec SŽDC","Ochoz","Kopčáková Zdenka"
289618,"municipal_2018","Zdenka","Kopčáková",59,"KDU-ČSL","KDU-ČSL",1,355,"KOALICE PRO NASAVRCKO",6,"",0,0,NA,FALSE,571911,"No title","Female",119806,1959,NA,NA,"Kopčáková Zdenka"
70102,"municipal_1994","Pavel","Koreček",46,"BEZPP","ČSSD",NA,1,"Česká str.sociálně demokrat.",1,"",230,66.66,NA,FALSE,571911,"No title","Male",70102,1948,NA,NA,NA
70102,"municipal_1998","Pavel","Koreček",50,"BEZPP","NK",NA,2,"Sdružení ČSSD, NK",2,"",189,26.92,1,FALSE,571911,"No title","Male",85000,1948,NA,NA,NA
70102,"municipal_2002","Pavel","Koreček",54,"BEZPP","ČSSD",NA,1,"Česká str.sociálně demokrat.",4,"",169,7.99,1,FALSE,571911,"No title","Male",91106,1948,NA,NA,NA
70102,"municipal_2006","Pavel","Koreček",58,"BEZPP","ČSSD",NA,NA,"
Česká str.sociálně demokrat.
",6,"",118,5.92,5,FALSE,571911,"No title","Male",38562,1948,"technik","Nasavrky - Nová Ves",NA
70102,"municipal_2010","Pavel","Koreček",62,"BEZPP","ČSSD",NA,NA,"
Česká str.sociálně demokrat.
",10,"",85,5.07,8,FALSE,571911,"No title","Male",46865,1948,"technik - důchodce","Nasavrky","Koreček Pavel"
442943,"municipal_2010","Aleš","Korejtko",33,"BEZPP","NK",NA,NA,"
Sdružení KDU-ČSL, NK
",8,"",40,4.24,8,FALSE,571911,"No title","Male",46878,1977,"dělník","Nasavrky","Korejtko Aleš"
442941,"municipal_2010","Pavla","Korobková",24,"BEZPP","KDU-ČSL",NA,NA,"
Sdružení KDU-ČSL, NK
",1,"Ing.",106,11.25,2,FALSE,571911,"Master","Female",46871,1986,"poradce pro zemědělce","Nasavrky","Korobková Pavla Ing."
538826,"municipal_2014","Dana","Korobková",51,"BEZPP","NK",NA,NA,"
ZA LEPŠÍ NASAVRCKO, SNK
",6,"",186,6.33,2,FALSE,571911,"No title","Female",44770,1963,"dětská sestra","Nasavrky","Korobková Dana"
538806,"municipal_2014","Petr","Kouba",48,"BEZPP","ANO",NA,NA,"
ANO 2011
",10,"",223,6.89,5,FALSE,571911,"No title","Male",44714,1966,"mechanik","Nasavrky","Kouba Petr"
538806,"municipal_2018","Petr","Kouba",52,"BEZPP","ANO",1,768,"ANO 2011",12,"",0,0,NA,FALSE,571911,"No title","Male",119827,1966,NA,NA,"Kouba Petr"
352639,"municipal_2006","Lukáš","Krejza",24,"BEZPP","NK",NA,NA,"
SNK Nasavrcka
",6,"Bc.",72,8.36,3,FALSE,571911,"Bachelor","Male",38644,1982,"státní zaměstnanec","Nasavrky",NA
352639,"municipal_2010","Lukáš","Krejza",28,"BEZPP","NK",NA,NA,"
SNK Nasavrcka
",3,"Bc.",217,8.17,2,TRUE,571911,"Bachelor","Male",46918,1982,"vedoucí oddělení OSSZ","Nasavrky","Krejza Lukáš Bc."
442965,"municipal_2010","Michal","Krejza",29,"BEZPP","NK",NA,NA,"
SNK Nasavrcka
",14,"",140,5.27,11,FALSE,571911,"No title","Male",46929,1981,"montér","Nasavrky","Krejza Michal"
289609,"municipal_2002","Dagmar","Krejzová",47,"BEZPP","ČSSD",NA,1,"Česká str.sociálně demokrat.",13,"",131,6.19,10,FALSE,571911,"No title","Female",91115,1955,NA,NA,NA
289609,"municipal_2010","Dagmar","Krejzová",55,"BEZPP","ČSSD",NA,NA,"
Česká str.sociálně demokrat.
",11,"",104,6.2,9,FALSE,571911,"No title","Female",46866,1955,"učitelka MŠ","Nasavrky","Krejzová Dagmar"
70124,"municipal_1994","Vladimír","Kroutil",37,"BEZPP","ODS",NA,3,"Občanská demokratická strana",5,"",365,8.33,5,TRUE,571911,"No title","Male",70124,1957,NA,NA,NA
70124,"municipal_1998","Vladimír","Kroutil",41,"BEZPP","ODS",NA,5,"Občanská demokratická strana",4,"",277,8.99,3,TRUE,571911,"No title","Male",85033,1957,NA,NA,NA
70124,"municipal_2002","Vladimír","Kroutil",45,"BEZPP","ODS",NA,2,"Občanská demokratická strana",2,"",425,11.57,2,TRUE,571911,"No title","Male",91119,1957,NA,NA,NA
70124,"municipal_2006","Vladimír","Kroutil",49,"BEZPP","ODS",NA,NA,"
Občanská demokratická strana
",2,"",355,9.24,2,TRUE,571911,"No title","Male",38610,1957,"podnikatel","Nasavrky",NA
70124,"municipal_2010","Vladimír","Kroutil",53,"BEZPP","ODS",NA,NA,"
Občanská demokratická strana
",2,"",313,9.76,2,TRUE,571911,"No title","Male",46902,1957,"podnikatel","Nasavrky","Kroutil Vladimír"
70124,"municipal_2014","Vladimír","Kroutil",57,"BEZPP","ANO",NA,NA,"
ANO 2011
",2,"",329,10.17,2,TRUE,571911,"No title","Male",44706,1957,"podnikatel","Nasavrky","Kroutil Vladimír"
538817,"municipal_2014","Aleš","Kroutil",32,"BEZPP","PATRIOTI",NA,NA,"
PATRIOTI
",2,"",179,9.28,3,TRUE,571911,"No title","Male",44751,1982,"ředitel společnosti","Nasavrky","Kroutil Aleš"
70124,"municipal_2018","Vladimír","Kroutil",61,"BEZPP","ANO",1,768,"ANO 2011",7,"",0,0,NA,FALSE,571911,"No title","Male",119822,1957,NA,NA,"Kroutil Vladimír"
538817,"municipal_2018","Aleš","Kroutil",36,"BEZPP","PATRIOTI",1,776,"PATRIOTI",15,"",0,0,NA,FALSE,571911,"No title","Male",119845,1982,NA,NA,"Kroutil Aleš"
442945,"municipal_2010","Vladimír","Kulik",20,"BEZPP","NK",NA,NA,"
Sdružení KDU-ČSL, NK
",12,"",34,3.6,11,FALSE,571911,"No title","Male",46882,1990,"student","Nasavrky","Kulik Vladimír"
442958,"municipal_2010","Filip","Kurek",37,"BEZPP","NK",NA,NA,"
SNK Nasavrcka
",5,"",171,6.44,2,FALSE,571911,"No title","Male",46920,1973,"OSVČ - reklama a marketing","Nasavrky","Kurek Filip"
538829,"municipal_2014","Filip","Kurek",22,"BEZPP","NK",NA,NA,"
ZA LEPŠÍ NASAVRCKO, SNK
",11,"",150,5.1,7,FALSE,571911,"No title","Male",44775,1992,"student","Nasavrky","Kurek Filip"
442972,"municipal_2010","Naděžda","Lajková",51,"BEZPP","NK",NA,NA,"
SNK Náš region Nasavrcko
",14,"",77,3.65,11,FALSE,571911,"No title","Female",46944,1959,"učitelka ZŠ","Ochoz","Lajková Naděžda"
195928,"municipal_1998","František","Licek",50,"BEZPP","NK",NA,2,"Sdružení ČSSD, NK",3,"",188,26.78,2,FALSE,571911,"No title","Male",85001,1948,NA,NA,NA
195928,"municipal_2002","František","Licek",54,"BEZPP","ČSSD",NA,1,"Česká str.sociálně demokrat.",1,"",184,8.7,3,TRUE,571911,"No title","Male",91103,1948,NA,NA,NA
195928,"municipal_2006","František","Licek",58,"BEZPP","ČSSD",NA,NA,"
Česká str.sociálně demokrat.
",3,"",149,7.48,2,FALSE,571911,"No title","Male",38559,1948,"dělník","Nasavrky",NA
195928,"municipal_2010","František","Licek",62,"BEZPP","ČSSD",NA,NA,"
Česká str.sociálně demokrat.
",3,"",112,6.68,4,FALSE,571911,"No title","Male",46858,1948,"důchodce","Nasavrky","Licek František"
289604,"municipal_2002","Gabriela","Licková",26,"BEZPP","ČSSD",NA,1,"Česká str.sociálně demokrat.",8,"",100,4.73,5,FALSE,571911,"No title","Female",91110,1976,NA,NA,NA
289604,"municipal_2006","Gabriela","Licková",30,"BEZPP","ČSSD",NA,NA,"
Česká str.sociálně demokrat.
",15,"",77,3.86,12,FALSE,571911,"No title","Female",38571,1976,"středoškolská učitelka","Nasavrky",NA
289604,"municipal_2010","Gabriela","Licková",34,"ČSSD","ČSSD",NA,NA,"
Česká str.sociálně demokrat.
",1,"Bc.",141,8.41,2,FALSE,571911,"Bachelor","Female",46856,1976,"učitelka MŠ - zdravotní sestra","Nasavrky","Licková Gabriela Bc."
70125,"municipal_1994","Karel","Linek",50,"BEZPP","ODS",NA,3,"Občanská demokratická strana",6,"",288,6.57,2,FALSE,571911,"No title","Male",70125,1944,NA,NA,NA
352632,"municipal_2006","Josef","Lojda",46,"BEZPP","NK",NA,NA,"
Sdružení KSČM, NK
",9,"",158,6.61,5,FALSE,571911,"No title","Male",38632,1960,"pedagog","Nasavrky",NA
352632,"municipal_2010","Josef","Lojda",50,"BEZPP","KSČM",NA,NA,"
Komunistická str.Čech a Moravy
",8,"",149,7.36,5,FALSE,571911,"No title","Male",46893,1960,"pedagog","Nasavrky","Lojda Josef"
352632,"municipal_2014","Josef","Lojda",54,"BEZPP","NK",NA,NA,"
Sdružení KSČM, NK
",12,"",127,7.07,10,FALSE,571911,"No title","Male",44746,1960,"pedagog","Nasavrky","Lojda Josef"
352632,"municipal_2018","Josef","Lojda",58,"BEZPP","PATRIOTI",1,776,"PATRIOTI",12,"",0,0,NA,FALSE,571911,"No title","Male",119842,1960,NA,NA,"Lojda Josef"
289613,"municipal_2002","Regina","Losenická",30,"BEZPP","ODS",NA,2,"Občanská demokratická strana",6,"",211,5.74,1,FALSE,571911,"No title","Female",91123,1972,NA,NA,NA
70127,"municipal_1994","Luboš","Losenický",29,"BEZPP","ODS",NA,3,"Občanská demokratická strana",8,"",380,8.67,3,TRUE,571911,"No title","Male",70127,1965,NA,NA,NA
70127,"municipal_2014","Luboš","Losenický",49,"BEZPP","PATRIOTI",NA,NA,"
PATRIOTI
",7,"MVDr.",159,8.25,2,FALSE,571911,"Doctor","Male",44756,1965,"manažer","Nasavrky","Losenický Luboš MVDr."
70115,"municipal_1994","Josef","Mandík",48,"KSČM","KSČM",NA,2,"Sdružení KSČM, NK",11,"",278,7.52,4,TRUE,571911,"No title","Male",70115,1946,NA,NA,NA
70115,"municipal_1998","Josef","Mandík",52,"KSČM","KSČM",NA,1,"Sdružení KSČM, NK",3,"",311,11.43,2,TRUE,571911,"No title","Male",84986,1946,NA,NA,NA
70115,"municipal_2002","Josef","Mandík",56,"KSČM","KSČM",NA,3,"Sdružení KSČM a NK",6,"",299,11.27,1,TRUE,571911,"No title","Male",91138,1946,NA,NA,NA
70115,"municipal_2006","Josef","Mandík",60,"KSČM","KSČM",NA,NA,"
Sdružení KSČM, NK
",3,"Ing.",263,11.01,1,TRUE,571911,"Master","Male",38626,1946,"pedagog","Nasavrky",NA
70115,"municipal_2010","Josef","Mandík",64,"KSČM","KSČM",NA,NA,"
Komunistická str.Čech a Moravy
",6,"Ing.",216,10.68,2,TRUE,571911,"Master","Male",46891,1946,"důchodce","Nasavrky","Mandík Josef Ing."
70115,"municipal_2014","Josef","Mandík",68,"KSČM","KSČM",NA,NA,"
Sdružení KSČM, NK
",6,"Ing.",185,10.3,2,TRUE,571911,"Master","Male",44740,1946,"důchodce","Nasavrky","Mandík Josef Ing."
538808,"municipal_2014","Dobromila","Marková",66,"KDU-ČSL","KDU-ČSL",NA,NA,"
KOALICE PRO NASAVRCKO
",1,"JUDr.",160,12.89,1,TRUE,571911,"Doctor","Female",44720,1948,"advokátka","Nasavrky","Marková Dobromila JUDr."
538808,"municipal_2018","Dobromila","Marková",70,"KDU-ČSL","KDU-ČSL",1,355,"KOALICE PRO NASAVRCKO",1,"",0,0,NA,FALSE,571911,"No title","Female",119801,1948,NA,NA,"Marková Dobromila"
195941,"municipal_1998","Roman","Marschall",21,"BEZPP","KDU-ČSL",NA,4,"Křesť.demokr.unie-Čs.str.lid.",6,"",62,4.23,5,FALSE,571911,"No title","Male",85020,1977,NA,NA,NA
195943,"municipal_1998","Josef","Matěják",31,"BEZPP","KDU-ČSL",NA,4,"Křesť.demokr.unie-Čs.str.lid.",13,"",36,2.45,11,FALSE,571911,"No title","Male",85027,1967,NA,NA,NA
195923,"municipal_1998","Miroslav","Meduna",41,"BEZPP","NK",NA,1,"Sdružení KSČM, NK",6,"",161,5.92,2,FALSE,571911,"No title","Male",84989,1957,NA,NA,NA
195923,"municipal_2002","Miroslav","Meduna",45,"BEZPP","NK",NA,3,"Sdružení KSČM a NK",8,"",145,5.46,4,FALSE,571911,"No title","Male",91140,1957,NA,NA,NA
195923,"municipal_2006","Miroslav","Meduna",49,"BEZPP","NK",NA,NA,"
Sdružení KSČM, NK
",6,"",141,5.9,3,FALSE,571911,"No title","Male",38629,1957,"opravář zem. strojů","Nová Ves",NA
352640,"municipal_2006","Jaroslav","Meduna",26,"BEZPP","NK",NA,NA,"
SNK Nasavrcka
",7,"",23,2.67,8,FALSE,571911,"No title","Male",38645,1980,"dělník","Nasavrky",NA
195923,"municipal_2010","Miroslav","Meduna",53,"BEZPP","KSČM",NA,NA,"
Komunistická str.Čech a Moravy
",5,"",128,6.33,7,FALSE,571911,"No title","Male",46890,1957,"zaměstnanec","Nasavrky Nová Ves","Meduna Miroslav"
195923,"municipal_2014","Miroslav","Meduna",57,"BEZPP","NK",NA,NA,"
Sdružení KSČM, NK
",1,"",142,7.91,2,FALSE,571911,"No title","Male",44735,1957,"zaměstnanec","Nová Ves","Meduna Miroslav"
352635,"municipal_2006","Petr","Michek",31,"BEZPP","NK",NA,NA,"
SNK Nasavrcka
",1,"",123,14.28,1,TRUE,571911,"No title","Male",38639,1975,"geodet","Nasavrky - Ochoz",NA
352635,"municipal_2010","Petr","Michek",35,"BEZPP","NK",NA,NA,"
SNK Nasavrcka
",1,"",288,10.85,1,TRUE,571911,"No title","Male",46916,1975,"referent pozemkových úprav","Ochoz, Nasavrky","Michek Petr"
442938,"municipal_2010","Milan","Michek",74,"BEZPP","ČSSD",NA,NA,"
Česká str.sociálně demokrat.
",13,"",56,3.34,11,FALSE,571911,"No title","Male",46868,1936,"důchodce","Nasavrky","Michek Milan"
195951,"municipal_1998","Marie","Michková",44,"BEZPP","ODS",NA,5,"Občanská demokratická strana",14,"",172,5.58,9,FALSE,571911,"No title","Female",85043,1954,NA,NA,NA
195950,"municipal_1998","Roman","Mikeš",44,"BEZPP","ODS",NA,5,"Občanská demokratická strana",13,"",225,7.3,8,FALSE,571911,"No title","Male",85042,1954,NA,NA,NA
195950,"municipal_2002","Roman","Mikeš",48,"BEZPP","ODS",NA,2,"Občanská demokratická strana",8,"",226,6.15,3,FALSE,571911,"No title","Male",91125,1954,NA,NA,NA
442944,"municipal_2010","Jitka","Mísařová",35,"BEZPP","NK",NA,NA,"
Sdružení KDU-ČSL, NK
",10,"Mgr.",62,6.58,9,FALSE,571911,"Master","Female",46880,1975,"učitelka","Nasavrky","Mísařová Jitka Mgr."
657859,"municipal_2018","Milan","Morch",53,"BEZPP","ANO",1,768,"ANO 2011",8,"",0,0,NA,FALSE,571911,"No title","Male",119823,1965,NA,NA,"Morch Milan"
70144,"municipal_1994","Lubomír","Musil",40,"BEZPP","KDU-ČSL",NA,5,"Křesť.a dem.unie-Čs.str.lidová",9,"",176,6.4,6,FALSE,571911,"No title","Male",70144,1954,NA,NA,NA
538824,"municipal_2014","Jan","Nechojdoma",38,"BEZPP","PATRIOTI",NA,NA,"
PATRIOTI
",14,"DiS.",58,3,11,FALSE,571911,"No title","Male",44763,1976,"OSVČ - cestovní kancelář","Nasavrky","Nechojdoma Jan  DiS."
538824,"municipal_2018","Jan","Nechojdoma",42,"BEZPP","PATRIOTI",1,776,"PATRIOTI",10,"",0,0,NA,FALSE,571911,"No title","Male",119840,1976,NA,NA,"Nechojdoma Jan"
352594,"municipal_2006","Jiří","Němec",31,"BEZPP","ČSSD",NA,NA,"
Česká str.sociálně demokrat.
",10,"",130,6.52,8,FALSE,571911,"No title","Male",38566,1975,"člen Policie ČR","Nasavrky",NA
352619,"municipal_2006","Martin","Němec",34,"BEZPP","KDU-ČSL",NA,NA,"
Křesť.demokr.unie-Čs.str.lid.
",4,"",113,9.73,1,FALSE,571911,"No title","Male",38597,1972,"automechanik","Nasavrky - Ochoz",NA
352594,"municipal_2010","Jiří","Němec",35,"BEZPP","NK",NA,NA,"
SNK Náš region Nasavrcko
",6,"",166,7.87,1,FALSE,571911,"No title","Male",46936,1975,"státní zaměstnanec","Nasavrky","Němec Jiří"
352619,"municipal_2010","Martin","Němec",38,"BEZPP","KDU-ČSL",NA,NA,"
Sdružení KDU-ČSL, NK
",5,"",111,11.78,1,FALSE,571911,"No title","Male",46875,1972,"automechanik","Ochoz","Němec Martin"
352628,"municipal_2006","Vojtěch","Němeček",58,"ODS","ODS",NA,NA,"
Občanská demokratická strana
",3,"MUDr.",258,6.72,3,TRUE,571911,"Doctor","Male",38611,1948,"ředitel nemocnice","Nasavrky",NA
352628,"municipal_2010","Vojtěch","Němeček",62,"ODS","ODS",NA,NA,"
Občanská demokratická strana
",3,"MUDr.",218,6.8,3,TRUE,571911,"Doctor","Male",46903,1948,"lékař","Nasavrky","Němeček Vojtěch MUDr."
352628,"municipal_2014","Vojtěch","Němeček",66,"ODS","PATRIOTI",NA,NA,"
PATRIOTI
",3,"MUDr.",160,8.3,1,FALSE,571911,"Doctor","Male",44752,1948,"lékař","Nasavrky","Němeček Vojtěch MUDr."
538823,"municipal_2014","Dana","Němečková",61,"BEZPP","PATRIOTI",NA,NA,"
PATRIOTI
",13,"Ing.",63,3.26,10,FALSE,571911,"Master","Female",44762,1953,"zemědělská inženýrka","Nasavrky","Němečková Dana Ing."
442952,"municipal_2010","Radka","Netolická",45,"BEZPP","ODS",NA,NA,"
Občanská demokratická strana
",7,"Ing.",195,6.08,3,FALSE,571911,"Master","Female",46907,1965,"vedoucí staveb.oddělení","Nasavrky","Netolická Radka Ing."
442952,"municipal_2014","Radka","Netolická",49,"BEZPP","ANO",NA,NA,"
ANO 2011
",9,"Ing.",203,6.28,4,FALSE,571911,"Master","Female",44713,1965,"referentka stavebního úřadu","Nasavrky","Netolická Radka Ing."
70135,"municipal_1994","Jan","Neuman",36,"SPR-RSČ","SPR-RSČ",NA,4,"Koalice SPR-RSČ, SDČR",1,"",91,100,NA,FALSE,571911,"No title","Male",70135,1958,NA,NA,NA
70135,"municipal_1998","Jan","Neuman",39,"SPR-RSČ","NK",NA,1,"Sdružení KSČM, NK",11,"",150,5.51,7,FALSE,571911,"No title","Male",84994,1959,NA,NA,NA
70135,"municipal_2006","Jan","Neuman",47,"BEZPP","NK",NA,NA,"
SNK Nasavrcka
",4,"",67,7.78,4,FALSE,571911,"No title","Male",38642,1959,"OSVČ","Nasavrky",NA
70135,"municipal_2010","Jan","Neuman",51,"BEZPP","KSČM",NA,NA,"
Komunistická str.Čech a Moravy
",14,"",105,5.19,12,FALSE,571911,"No title","Male",46899,1959,"bezp. pracovník","Nasavrky","Neuman Jan"
442936,"municipal_2010","Pavel","Neuman",58,"BEZPP","ČSSD",NA,NA,"
Česká str.sociálně demokrat.
",8,"",78,4.65,6,FALSE,571911,"No title","Male",46863,1952,"živnostník","Nasavrky","Neuman Pavel"
657862,"municipal_2018","Martin","Neuman",46,"BEZPP","ANO",1,768,"ANO 2011",14,"",0,0,NA,FALSE,571911,"No title","Male",119829,1972,NA,NA,"Neuman Martin"
289611,"municipal_2002","Zdeňka","Neumanová",51,"BEZPP","ČSSD",NA,1,"Česká str.sociálně demokrat.",15,"",74,3.5,12,FALSE,571911,"No title","Female",91117,1951,NA,NA,NA
289611,"municipal_2006","Zdeňka","Neumanová",55,"BEZPP","ČSSD",NA,NA,"
Česká str.sociálně demokrat.
",14,"",86,4.31,11,FALSE,571911,"No title","Female",38570,1951,"kuchařka","Nasavrky",NA
538812,"municipal_2014","Marcela","Neumanová",24,"BEZPP","NK",NA,NA,"
KOALICE PRO NASAVRCKO
",11,"",72,5.8,10,FALSE,571911,"No title","Female",44730,1990,"student","Nasavrky","Neumanová Marcela"
538815,"municipal_2014","Eva","Neumanová",22,"BEZPP","NK",NA,NA,"
Sdružení KSČM, NK
",7,"",100,5.57,6,FALSE,571911,"No title","Female",44741,1992,"studentka","Nasavrky","Neumanová Eva"
352625,"municipal_2006","Denisa","Nevečeřalová",20,"BEZPP","KDU-ČSL",NA,NA,"
Křesť.demokr.unie-Čs.str.lid.
",12,"",36,3.1,11,FALSE,571911,"No title","Female",38605,1986,"kadeřnice","Nasavrky - Ochoz",NA
352625,"municipal_2010","Denisa","Nevečeřalová",24,"BEZPP","NK",NA,NA,"
Sdružení KDU-ČSL, NK
",11,"",38,4.03,10,FALSE,571911,"No title","Female",46881,1986,"kadeřnice","Ochoz","Nevečeřalová Denisa"
70110,"municipal_1994","Miroslav","Novák",35,"BEZPP","NK",NA,2,"Sdružení KSČM, NK",6,"",271,7.33,1,FALSE,571911,"No title","Male",70110,1959,NA,NA,NA
70139,"municipal_1994","Josef","Novák",60,"KDU-ČSL","KDU-ČSL",NA,5,"Křesť.a dem.unie-Čs.str.lidová",4,"",159,5.79,3,FALSE,571911,"No title","Male",70139,1934,NA,NA,NA
70110,"municipal_1998","Miroslav","Novák",39,"BEZPP","NK",NA,1,"Sdružení KSČM, NK",5,"",160,5.88,1,FALSE,571911,"No title","Male",84988,1959,NA,NA,NA
70139,"municipal_1998","Josef","Novák",64,"KDU-ČSL","KDU-ČSL",NA,4,"Křesť.demokr.unie-Čs.str.lid.",5,"",70,4.77,4,FALSE,571911,"No title","Male",85019,1934,NA,NA,NA
70110,"municipal_2002","Miroslav","Novák",42,"BEZPP","NK",NA,3,"Sdružení KSČM a NK",9,"",153,5.76,5,FALSE,571911,"No title","Male",91141,1960,NA,NA,NA
70110,"municipal_2006","Miroslav","Novák",46,"BEZPP","ČSSD",NA,NA,"
Česká str.sociálně demokrat.
",8,"",104,5.22,6,FALSE,571911,"No title","Male",38564,1960,"podnikatel","Nasavrky",NA
70139,"municipal_2006","Josef","Novák",72,"KDU-ČSL","KDU-ČSL",NA,NA,"
Křesť.demokr.unie-Čs.str.lid.
",10,"",54,4.65,9,FALSE,571911,"No title","Male",38603,1934,"důchodce","Nasavrky",NA
70110,"municipal_2010","Miroslav","Novák",50,"BEZPP","ČSSD",NA,NA,"
Česká str.sociálně demokrat.
",7,"",114,6.8,5,FALSE,571911,"No title","Male",46862,1960,"živnostník","Nasavrky","Novák Miroslav"
70139,"municipal_2010","Josef","Novák",76,"KDU-ČSL","KDU-ČSL",NA,NA,"
Sdružení KDU-ČSL, NK
",15,"",38,4.03,14,FALSE,571911,"No title","Male",46885,1934,"důchodce","Nasavrky","Novák Josef"
70139,"municipal_2014","Josef","Novák",80,"KDU-ČSL","KDU-ČSL",NA,NA,"
KOALICE PRO NASAVRCKO
",15,"",44,3.54,14,FALSE,571911,"No title","Male",44734,1934,"důchodce","Nasavrky","Novák Josef"
538814,"municipal_2014","Pavel","Novák",18,"BEZPP","NK",NA,NA,"
KOALICE PRO NASAVRCKO
",13,"",44,3.54,12,FALSE,571911,"No title","Male",44732,1996,"student","Ochoz","Novák Pavel"
442953,"municipal_2010","Renata","Odvárková",40,"BEZPP","ODS",NA,NA,"
Občanská demokratická strana
",8,"Mgr.",182,5.68,4,FALSE,571911,"Master","Female",46908,1970,"učitelka","Nasavrky","Odvárková Renata Mgr."
442953,"municipal_2014","Renata","Odvárková",44,"BEZPP","PATRIOTI",NA,NA,"
PATRIOTI
",8,"Mgr.",145,7.52,4,FALSE,571911,"Master","Female",44757,1970,"učitelka","Nasavrky","Odvárková Renata Mgr."
442953,"municipal_2018","Renata","Odvárková",48,"BEZPP","PATRIOTI",1,776,"PATRIOTI",7,"",0,0,NA,FALSE,571911,"No title","Female",119837,1970,NA,NA,"Odvárková Renata"
352642,"municipal_2006","Luděk","Oplištil",26,"BEZPP","NK",NA,NA,"
SNK Nasavrcka
",9,"Ing.",79,9.17,2,FALSE,571911,"Master","Male",38647,1980,"konstruktér","Nasavrky - Ochoz",NA
352642,"municipal_2010","Luděk","Oplištil",30,"BEZPP","NK",NA,NA,"
SNK Nasavrcka
",7,"Ing.",178,6.7,4,FALSE,571911,"Master","Male",46922,1980,"konstruktér","Nasavrky","Oplištil Luděk Ing."
538825,"municipal_2014","Petr","Pára",39,"TOP 09","NK",NA,NA,"
ZA LEPŠÍ NASAVRCKO, SNK
",3,"Bc.",248,8.44,3,TRUE,571911,"Bachelor","Male",44767,1975,"podnikatel","Březovec","Pára Petr Bc."
538825,"municipal_2018","Petr","Pára",43,"TOP 09","PATRIOTI",1,776,"PATRIOTI",4,"",0,0,NA,FALSE,571911,"No title","Male",119834,1975,NA,NA,"Pára Petr"
442964,"municipal_2010","Jitka","Párová Bažantová",32,"BEZPP","NK",NA,NA,"
SNK Nasavrcka
",13,"",132,4.97,10,FALSE,571911,"No title","Female",46928,1978,"na rodičovské dovolené","Březovec, Nasavrky","Párová Bažantová Jitka"
352644,"municipal_2006","Blanka","Pavlasová",38,"BEZPP","NK",NA,NA,"
SNK Nasavrcka
",11,"",21,2.43,11,FALSE,571911,"No title","Female",38649,1968,"účetní","Nasavrky - Podlíšťany",NA
70138,"municipal_1994","Antonín","Pecina",48,"BEZPP","KDU-ČSL",NA,5,"Křesť.a dem.unie-Čs.str.lidová",3,"",165,6,2,FALSE,571911,"No title","Male",70138,1946,NA,NA,NA
195939,"municipal_1998","Miloš","Pecina",25,"BEZPP","KDU-ČSL",NA,4,"Křesť.demokr.unie-Čs.str.lid.",2,"",138,9.41,1,FALSE,571911,"No title","Male",85016,1973,NA,NA,NA
442946,"municipal_2010","Petra","Pecháčková",42,"BEZPP","NK",NA,NA,"
Sdružení KDU-ČSL, NK
",13,"",43,4.56,12,FALSE,571911,"No title","Female",46883,1968,"soukromě hospodařící rolník","Obořice","Pecháčková Petra"
442946,"municipal_2014","Petra","Pecháčková",46,"BEZPP","NK",NA,NA,"
KOALICE PRO NASAVRCKO
",14,"",47,3.78,13,FALSE,571911,"No title","Female",44733,1968,"soukromě hospod. rolník","Obořice","Pecháčková Petra"
442946,"municipal_2018","Petra","Pecháčková",50,"BEZPP","NK",1,355,"KOALICE PRO NASAVRCKO",14,"",0,0,NA,FALSE,571911,"No title","Female",119814,1968,NA,NA,"Pecháčková Petra"
538827,"municipal_2014","Tomáš","Pilař",29,"BEZPP","NK",NA,NA,"
ZA LEPŠÍ NASAVRCKO, SNK
",9,"",180,6.12,5,FALSE,571911,"No title","Male",44773,1985,"THP","Nasavrky","Pilař Tomáš"
442971,"municipal_2010","Roman","Pírko",65,"BEZPP","NK",NA,NA,"
SNK Náš region Nasavrcko
",12,"",77,3.65,9,FALSE,571911,"No title","Male",46942,1945,"důchodce","Nasavrky","Pírko Roman"
195946,"municipal_1998","Miroslav","Plíšek",36,"BEZPP","ODS",NA,5,"Občanská demokratická strana",6,"",151,4.9,3,FALSE,571911,"No title","Male",85035,1962,NA,NA,NA
195946,"municipal_2002","Miroslav","Plíšek",40,"BEZPP","ODS",NA,2,"Občanská demokratická strana",10,"",158,4.3,5,FALSE,571911,"No title","Male",91127,1962,NA,NA,NA
289600,"municipal_2002","Petr","Plíšek",38,"BEZPP","ČSSD",NA,1,"Česká str.sociálně demokrat.",3,"",135,6.38,2,FALSE,571911,"No title","Male",91105,1964,NA,NA,NA
289601,"municipal_2002","Roman","Plíšek",41,"BEZPP","ČSSD",NA,1,"Česká str.sociálně demokrat.",5,"",144,6.81,3,FALSE,571911,"No title","Male",91107,1961,NA,NA,NA
289605,"municipal_2002","Libor","Plíšek",28,"BEZPP","ČSSD",NA,1,"Česká str.sociálně demokrat.",9,"",64,3.02,6,FALSE,571911,"No title","Male",91111,1974,NA,NA,NA
195946,"municipal_2006","Miroslav","Plíšek",44,"BEZPP","ODS",NA,NA,"
Občanská demokratická strana
",7,"",228,5.94,1,FALSE,571911,"No title","Male",38615,1962,"vedoucí střediska","Nasavrky",NA
289600,"municipal_2006","Petr","Plíšek",42,"BEZPP","ČSSD",NA,NA,"
Česká str.sociálně demokrat.
",4,"",132,6.62,3,FALSE,571911,"No title","Male",38560,1964,"agronom","Nasavrky",NA
195946,"municipal_2010","Miroslav","Plíšek",48,"BEZPP","ODS",NA,NA,"
Občanská demokratická strana
",10,"",165,5.14,6,FALSE,571911,"No title","Male",46910,1962,"vedoucí střediska","Nasavrky","Plíšek Miroslav"
289600,"municipal_2010","Petr","Plíšek",46,"BEZPP","ČSSD",NA,NA,"
Česká str.sociálně demokrat.
",4,"",123,7.33,3,FALSE,571911,"No title","Male",46859,1964,"technik","Nasavrky","Plíšek Petr"
442973,"municipal_2010","David","Plíšek",24,"BEZPP","NK",NA,NA,"
SNK Náš region Nasavrcko
",15,"Ing.",71,3.36,12,FALSE,571911,"Master","Male",46945,1986,"konstruktér","Nasavrky","Plíšek David Ing."
195946,"municipal_2014","Miroslav","Plíšek",52,"BEZPP","ANO",NA,NA,"
ANO 2011
",11,"",160,4.95,6,FALSE,571911,"No title","Male",44715,1962,"vedoucí střediska","Nasavrky","Plíšek Miroslav"
195946,"municipal_2018","Miroslav","Plíšek",56,"BEZPP","ANO",1,768,"ANO 2011",15,"",0,0,NA,FALSE,571911,"No title","Male",119830,1962,NA,NA,"Plíšek Miroslav"
70107,"municipal_1994","Emil","Prieložný",57,"KSČM","KSČM",NA,2,"Sdružení KSČM, NK",3,"",277,7.49,5,TRUE,571911,"No title","Male",70107,1937,NA,NA,NA
70107,"municipal_1998","Emil","Prieložný",61,"KSČM","KSČM",NA,1,"Sdružení KSČM, NK",15,"",182,6.69,11,FALSE,571911,"No title","Male",84998,1937,NA,NA,NA
70107,"municipal_2002","Emil","Prieložný",65,"KSČM","KSČM",NA,3,"Sdružení KSČM a NK",12,"",161,6.07,8,FALSE,571911,"No title","Male",91144,1937,NA,NA,NA
70107,"municipal_2006","Emil","Prieložný",69,"KSČM","KSČM",NA,NA,"
Sdružení KSČM, NK
",13,"",139,5.82,9,FALSE,571911,"No title","Male",38636,1937,"důchodce","Nová Ves",NA
70107,"municipal_2018","Emil","Prieložný",81,"KSČM","KSČM",1,47,"Komunistická strana Čech a Moravy",10,"",0,0,NA,FALSE,571911,"No title","Male",119799,1937,NA,NA,"Prieložný Emil"
70119,"municipal_1994","Antonín","Prokopec",49,"KSČM","KSČM",NA,2,"Sdružení KSČM, NK",15,"",146,3.95,10,FALSE,571911,"No title","Male",70119,1945,NA,NA,NA
70119,"municipal_1998","Antonín","Prokopec",53,"KSČM","KSČM",NA,1,"Sdružení KSČM, NK",14,"",102,3.75,10,FALSE,571911,"No title","Male",84997,1945,NA,NA,NA
70119,"municipal_2002","Antonín","Prokopec",57,"KSČM","KSČM",NA,3,"Sdružení KSČM a NK",15,"",95,3.58,11,FALSE,571911,"No title","Male",91147,1945,NA,NA,NA
70119,"municipal_2006","Antonín","Prokopec",61,"KSČM","KSČM",NA,NA,"
Sdružení KSČM, NK
",15,"",93,3.89,11,FALSE,571911,"No title","Male",38638,1945,"důchodce","Nasavrky",NA
70119,"municipal_2010","Antonín","Prokopec",65,"KSČM","KSČM",NA,NA,"
Komunistická str.Čech a Moravy
",15,"",76,3.75,13,FALSE,571911,"No title","Male",46900,1945,"důchodce","Nasavrky","Prokopec Antonín"
70119,"municipal_2014","Antonín","Prokopec",69,"KSČM","KSČM",NA,NA,"
Sdružení KSČM, NK
",15,"",84,4.67,13,FALSE,571911,"No title","Male",44749,1945,"důchodce","Nasavrky","Prokopec Antonín"
442968,"municipal_2010","Josef","Přepechal",35,"BEZPP","NK",NA,NA,"
SNK Náš region Nasavrcko
",7,"",126,5.97,5,FALSE,571911,"No title","Male",46937,1975,"ekonom","Nasavrky","Přepechal Josef"
442948,"municipal_2010","Jan","Pudil",63,"BEZPP","KSČM",NA,NA,"
Komunistická str.Čech a Moravy
",3,"Ing.",180,8.9,1,FALSE,571911,"Master","Male",46888,1947,"důchodce","Nasavrky Libáň","Pudil Jan Ing."
442948,"municipal_2014","Jan","Pudil",67,"BEZPP","ANO",NA,NA,"
ANO 2011
",3,"Ing.",217,6.71,5,TRUE,571911,"Master","Male",44707,1947,"důchodce","Libáň","Pudil Jan Ing."
538805,"municipal_2014","Jaroslav","Pulicar",39,"ANO","ANO",NA,NA,"
ANO 2011
",6,"Ing.",176,5.44,2,FALSE,571911,"Master","Male",44710,1975,"podnikatel","Libáň","Pulicar Jaroslav Ing."
538805,"municipal_2018","Jaroslav","Pulicar",43,"ANO","ANO",1,768,"ANO 2011",4,"",0,0,NA,FALSE,571911,"No title","Male",119819,1975,NA,NA,"Pulicar Jaroslav"
289610,"municipal_2002","Zdeňka","Ročňáková",48,"BEZPP","ČSSD",NA,1,"Česká str.sociálně demokrat.",14,"",139,6.57,11,FALSE,571911,"No title","Female",91116,1954,NA,NA,NA
289610,"municipal_2010","Zdeňka","Ročňáková",56,"BEZPP","NK",NA,NA,"
SNK Náš region Nasavrcko
",11,"",152,7.2,8,FALSE,571911,"No title","Female",46941,1954,"učitelka MŠ","Nasavrky","Ročňáková Zdeňka"
195926,"municipal_1998","Josef","Roun",60,"BEZPP","NK",NA,1,"Sdružení KSČM, NK",12,"",159,5.84,8,FALSE,571911,"No title","Male",84995,1938,NA,NA,NA
195926,"municipal_2002","Josef","Roun",64,"BEZPP","NK",NA,3,"Sdružení KSČM a NK",14,"",126,4.75,10,FALSE,571911,"No title","Male",91146,1938,NA,NA,NA
538809,"municipal_2014","Josef","Rusňák",39,"BEZPP","NK",NA,NA,"
KOALICE PRO NASAVRCKO
",2,"Ing.",143,11.52,1,FALSE,571911,"Master","Male",44721,1975,"zástupce vedoucího Správy CHKO Ž. hory","Nasavrky","Rusňák Josef Ing."
538809,"municipal_2018","Josef","Rusňák",43,"BEZPP","KDU-ČSL",1,355,"KOALICE PRO NASAVRCKO",2,"",0,0,NA,FALSE,571911,"No title","Male",119802,1975,NA,NA,"Rusňák Josef"
442956,"municipal_2010","Roman","Růžek",31,"BEZPP","NK",NA,NA,"
SNK Nasavrcka
",2,"",185,6.97,1,FALSE,571911,"No title","Male",46917,1979,"IT konzultant","Ochoz, Nasavrky","Růžek Roman"
442956,"municipal_2014","Roman","Růžek",35,"BEZPP","NK",NA,NA,"
ZA LEPŠÍ NASAVRCKO, SNK
",8,"",199,6.77,4,FALSE,571911,"No title","Male",44772,1979,"IT konzultant","Ochoz","Růžek Roman"
195933,"municipal_1998","Jan","Rýdlo",45,"BEZPP","US-DEU",NA,3,"Unie svobody",5,"",192,11.58,3,TRUE,571911,"No title","Male",85008,1953,NA,NA,NA
195933,"municipal_2002","Jan","Rýdlo",49,"BEZPP","US-DEU",NA,4,"Koalice KDU-ČSL, US-DEU",3,"",229,11.26,2,TRUE,571911,"No title","Male",91150,1953,NA,NA,NA
195933,"municipal_2006","Jan","Rýdlo",53,"BEZPP","NK",NA,NA,"
Jan Rýdlo, NK
",1,"",167,100,NA,FALSE,571911,"No title","Male",38572,1953,"sportovní manažer","Nasavrky",NA
195933,"municipal_2010","Jan","Rýdlo",57,"BEZPP","ODS",NA,NA,"
Občanská demokratická strana
",11,"",219,6.83,7,FALSE,571911,"No title","Male",46911,1953,"sportovní manažer","Nasavrky","Rýdlo Jan"
195933,"municipal_2014","Jan","Rýdlo",61,"BEZPP","ANO",NA,NA,"
ANO 2011
",8,"Mgr.",246,7.61,4,TRUE,571911,"Master","Male",44712,1953,"sportovní manažer","Nasavrky","Rýdlo Jan Mgr."
195933,"municipal_2018","Jan","Rýdlo",65,"BEZPP","ANO",1,768,"ANO 2011",10,"",0,0,NA,FALSE,571911,"No title","Male",119825,1953,NA,NA,"Rýdlo Jan"
195925,"municipal_1998","Bohumil","Skokan",41,"BEZPP","NK",NA,1,"Sdružení KSČM, NK",10,"",198,7.28,6,FALSE,571911,"No title","Male",84993,1957,NA,NA,NA
195925,"municipal_2002","Bohumil","Skokan",45,"BEZPP","NK",NA,3,"Sdružení KSČM a NK",3,"",221,8.33,4,TRUE,571911,"No title","Male",91135,1957,NA,NA,NA
195925,"municipal_2006","Bohumil","Skokan",49,"BEZPP","NK",NA,NA,"
Sdružení KSČM, NK
",11,"",159,6.66,7,FALSE,571911,"No title","Male",38634,1957,"zaměstnanec","Nasavrky",NA
195925,"municipal_2014","Bohumil","Skokan",57,"BEZPP","NK",NA,NA,"
Sdružení KSČM, NK
",3,"",137,7.63,4,FALSE,571911,"No title","Male",44737,1957,"technik","Nasavrky","Skokan Bohumil"
352631,"municipal_2006","Jitka","Slabá",57,"BEZPP","ODS",NA,NA,"
Občanská demokratická strana
",12,"",211,5.49,6,FALSE,571911,"No title","Female",38620,1949,"důchodkyně","Nasavrky",NA
70120,"municipal_1994","Ladislav","Slabý",47,"ODS","ODS",NA,3,"Občanská demokratická strana",1,"",377,8.6,4,TRUE,571911,"No title","Male",70120,1947,NA,NA,NA
70120,"municipal_1998","Ladislav","Slabý",51,"BEZPP","ODS",NA,5,"Občanská demokratická strana",11,"",234,7.59,4,TRUE,571911,"No title","Male",85040,1947,NA,NA,NA
70120,"municipal_2002","Ladislav","Slabý",55,"BEZPP","ODS",NA,2,"Občanská demokratická strana",4,"",219,5.96,4,TRUE,571911,"No title","Male",91121,1947,NA,NA,NA
70120,"municipal_2010","Ladislav","Slabý",63,"BEZPP","NK",NA,NA,"
SNK Náš region Nasavrcko
",9,"",106,5.02,7,FALSE,571911,"No title","Male",46939,1947,"důchodce","Nasavrky","Slabý Ladislav"
70120,"municipal_2014","Ladislav","Slabý",67,"BEZPP","NK",NA,NA,"
ZA LEPŠÍ NASAVRCKO, SNK
",12,"",167,5.68,8,FALSE,571911,"No title","Male",44776,1947,"důchodce","Nasavrky","Slabý Ladislav"
352592,"municipal_2006","Petr","Slavík",30,"BEZPP","ČSSD",NA,NA,"
Česká str.sociálně demokrat.
",7,"MVDr.",197,9.89,3,TRUE,571911,"Doctor","Male",38563,1976,"zvěrolékař","Nasavrky",NA
352592,"municipal_2010","Petr","Slavík",34,"BEZPP","NK",NA,NA,"
SNK Náš region Nasavrcko
",3,"MVDr.",233,11.04,2,TRUE,571911,"Doctor","Male",46933,1976,"veter. lékař","Nasavrky","Slavík Petr MVDr."
289620,"municipal_2002","Martin","Smetánka",26,"BEZPP","US-DEU",NA,4,"Koalice KDU-ČSL, US-DEU",11,"",120,5.9,8,FALSE,571911,"No title","Male",91158,1976,NA,NA,NA
289620,"municipal_2014","Martin","Smetánka",38,"BEZPP","NK",NA,NA,"
ZA LEPŠÍ NASAVRCKO, SNK
",7,"",200,6.8,3,FALSE,571911,"No title","Male",44771,1976,"hasič","Ochoz","Smetánka Martin"
352624,"municipal_2006","Jana","Smetánková",29,"BEZPP","KDU-ČSL",NA,NA,"
Křesť.demokr.unie-Čs.str.lid.
",11,"",67,5.77,10,FALSE,571911,"No title","Female",38604,1977,"úřednice","Nasavrky - Ochoz",NA
352624,"municipal_2010","Jana","Smetánková",33,"BEZPP","NK",NA,NA,"
SNK Náš region Nasavrcko
",13,"",101,4.78,10,FALSE,571911,"No title","Female",46943,1977,"úřednice","Ochoz","Smetánková Jana"
70130,"municipal_1994","Jan","Sodomka",47,"BEZPP","ODS",NA,3,"Občanská demokratická strana",11,"",257,5.86,5,FALSE,571911,"No title","Male",70130,1947,NA,NA,NA
70130,"municipal_1998","Jan","Sodomka",51,"ODS","ODS",NA,5,"Občanská demokratická strana",10,"",158,5.12,6,FALSE,571911,"No title","Male",85039,1947,NA,NA,NA
70130,"municipal_2002","Jan","Sodomka",55,"ODS","ODS",NA,2,"Občanská demokratická strana",13,"",197,5.36,8,FALSE,571911,"No title","Male",91130,1947,NA,NA,NA
70130,"municipal_2006","Jan","Sodomka",59,"ODS","ODS",NA,NA,"
Občanská demokratická strana
",6,"Ing.",257,6.69,6,TRUE,571911,"Master","Male",38614,1947,"podnikatel","Nasavrky",NA
70130,"municipal_2010","Jan","Sodomka",63,"ODS","ODS",NA,NA,"
Občanská demokratická strana
",5,"Ing.",220,6.86,1,FALSE,571911,"Master","Male",46905,1947,"podnikatel","Nasavrky","Sodomka Jan Ing."
70130,"municipal_2014","Jan","Sodomka",67,"ODS","PATRIOTI",NA,NA,"
PATRIOTI
",1,"Ing.",187,9.7,2,TRUE,571911,"Master","Male",44750,1947,"OSVČ - lesní práce","Nasavrky","Sodomka Jan Ing."
70130,"municipal_2018","Jan","Sodomka",71,"ODS","PATRIOTI",1,776,"PATRIOTI",1,"",0,0,NA,FALSE,571911,"No title","Male",119831,1947,NA,NA,"Sodomka Jan"
538821,"municipal_2014","Ivana","Sodomková",53,"BEZPP","PATRIOTI",NA,NA,"
PATRIOTI
",11,"Mgr.",99,5.13,8,FALSE,571911,"Master","Female",44760,1961,"speciální pedagožka","Nasavrky","Sodomková Ivana Mgr."
352634,"municipal_2006","Bohumil","Solnička",49,"BEZPP","NK",NA,NA,"
Sdružení KSČM, NK
",12,"",132,5.52,8,FALSE,571911,"No title","Male",38635,1957,"zaměstnanec","Nasavrky",NA
70141,"municipal_1994","Jan","Stejskal",56,"BEZPP","KDU-ČSL",NA,5,"Křesť.a dem.unie-Čs.str.lidová",6,"",201,7.31,4,FALSE,571911,"No title","Male",70141,1938,NA,NA,NA
70141,"municipal_1998","Jan","Stejskal",60,"BEZPP","KDU-ČSL",NA,4,"Křesť.demokr.unie-Čs.str.lid.",3,"",164,11.19,2,TRUE,571911,"No title","Male",85017,1938,NA,NA,NA
70141,"municipal_2002","Jan","Stejskal",64,"BEZPP","KDU-ČSL",NA,4,"Koalice KDU-ČSL, US-DEU",6,"",164,8.07,2,FALSE,571911,"No title","Male",91153,1938,NA,NA,NA
70117,"municipal_1994","Zdeněk","Strouhal",67,"BEZPP","KSČM",NA,2,"Sdružení KSČM, NK",13,"",176,4.76,8,FALSE,571911,"No title","Male",70117,1927,NA,NA,NA
70117,"municipal_1998","Zdeněk","Strouhal",71,"BEZPP","NK",NA,1,"Sdružení KSČM, NK",13,"",110,4.04,9,FALSE,571911,"No title","Male",84996,1927,NA,NA,NA
442966,"municipal_2010","Milan","Strouhal",55,"BEZPP","NK",NA,NA,"
SNK Nasavrcka
",15,"Ing.",186,7.01,12,FALSE,571911,"Master","Male",46930,1955,"OSVČ - realitní makléř","Ochoz, Nasavrky","Strouhal Milan Ing."
289615,"municipal_2002","Ladislav","Šebek",49,"BEZPP","NK",NA,3,"Sdružení KSČM a NK",4,"",132,4.97,2,FALSE,571911,"No title","Male",91136,1953,NA,NA,NA
289615,"municipal_2006","Ladislav","Šebek",53,"BEZPP","NK",NA,NA,"
Sdružení KSČM, NK
",5,"",128,5.36,2,FALSE,571911,"No title","Male",38628,1953,"podnikatel","Podlíšťany",NA
289615,"municipal_2010","Ladislav","Šebek",57,"BEZPP","KSČM",NA,NA,"
Komunistická str.Čech a Moravy
",4,"",120,5.93,6,FALSE,571911,"No title","Male",46889,1953,"podnikatel","Nasavrky Podlíšťany","Šebek Ladislav"
289615,"municipal_2014","Ladislav","Šebek",61,"BEZPP","NK",NA,NA,"
Sdružení KSČM, NK
",4,"",111,6.18,5,FALSE,571911,"No title","Male",44738,1953,"podnikatel","Podlíšťany","Šebek Ladislav"
195934,"municipal_1998","Renata","Šebková",22,"BEZPP","US-DEU",NA,3,"Unie svobody",6,"",104,6.27,3,FALSE,571911,"No title","Female",85009,1976,NA,NA,NA
70108,"municipal_1994","Jiří","Šimek",45,"KSČM","KSČM",NA,2,"Sdružení KSČM, NK",4,"",216,5.84,2,FALSE,571911,"No title","Male",70108,1949,NA,NA,NA
70108,"municipal_1998","Jiří","Šimek",49,"KSČM","KSČM",NA,1,"Sdružení KSČM, NK",4,"",203,7.46,4,TRUE,571911,"No title","Male",84987,1949,NA,NA,NA
70108,"municipal_2002","Jiří","Šimek",53,"KSČM","KSČM",NA,3,"Sdružení KSČM a NK",5,"",201,7.57,1,FALSE,571911,"No title","Male",91137,1949,NA,NA,NA
70108,"municipal_2006","Jiří","Šimek",57,"KSČM","KSČM",NA,NA,"
Sdružení KSČM, NK
",2,"RSDr.",206,8.63,4,TRUE,571911,"Doctor","Male",38625,1949,"zaměstnanec","Nasavrky",NA
70108,"municipal_2010","Jiří","Šimek",61,"KSČM","KSČM",NA,NA,"
Komunistická str.Čech a Moravy
",7,"RSDr.",169,8.35,3,FALSE,571911,"Doctor","Male",46892,1949,"předseda OV","Nasavrky","Šimek Jiří RSDr."
70108,"municipal_2014","Jiří","Šimek",65,"KSČM","KSČM",NA,NA,"
Sdružení KSČM, NK
",5,"RSDr.",147,8.18,1,FALSE,571911,"Doctor","Male",44739,1949,"důchodce","Nasavrky","Šimek Jiří RSDr."
70108,"municipal_2018","Jiří","Šimek",69,"KSČM","KSČM",1,47,"Komunistická strana Čech a Moravy",1,"",0,0,NA,FALSE,571911,"No title","Male",119790,1949,NA,NA,"Šimek Jiří"
70114,"municipal_1994","Jitka","Šimková",40,"BEZPP","NK",NA,2,"Sdružení KSČM, NK",10,"",217,5.87,6,FALSE,571911,"No title","Female",70114,1954,NA,NA,NA
70114,"municipal_2014","Jitka","Šimková",59,"BEZPP","NK",NA,NA,"
Sdružení KSČM, NK
",14,"Ing.",94,5.23,12,FALSE,571911,"Master","Female",44748,1955,"úřednice","Nasavrky","Šimková Jitka Ing."
70114,"municipal_2018","Jitka","Šimková",63,"BEZPP","KSČM",1,47,"Komunistická strana Čech a Moravy",8,"",0,0,NA,FALSE,571911,"No title","Female",119797,1955,NA,NA,"Šimková Jitka"
70122,"municipal_1994","Vladimír","Škvrňák",31,"ODS","ODS",NA,3,"Občanská demokratická strana",3,"",214,4.88,6,TRUE,571911,"No title","Male",70122,1963,NA,NA,NA
70122,"municipal_1998","Vladimír","Škvrňák",35,"ODS","ODS",NA,5,"Občanská demokratická strana",3,"",132,4.28,1,FALSE,571911,"No title","Male",85032,1963,NA,NA,NA
70122,"municipal_2002","Vladimír","Škvrňák",39,"ODS","ODS",NA,2,"Občanská demokratická strana",14,"",105,2.85,9,FALSE,571911,"No title","Male",91131,1963,NA,NA,NA
538828,"municipal_2014","Jan","Škvrňák",26,"BEZPP","NK",NA,NA,"
ZA LEPŠÍ NASAVRCKO, SNK
",10,"Mgr. Bc.",161,5.47,6,FALSE,571911,"Master","Male",44774,1988,"VŠ učitel, student","Nasavrky","Škvrňák Jan Mgr. Bc."
195938,"municipal_1998","Pavel","Šlitr",51,"BEZPP","US-DEU",NA,3,"Unie svobody",11,"",123,7.41,8,FALSE,571911,"No title","Male",85014,1947,NA,NA,NA
195932,"municipal_1998","Jaroslav","Štangl",26,"BEZPP","US-DEU",NA,3,"Unie svobody",4,"",154,9.28,2,FALSE,571911,"No title","Male",85007,1972,NA,NA,NA
195932,"municipal_2002","Jaroslav","Štangl",30,"BEZPP","ČSSD",NA,1,"Česká str.sociálně demokrat.",2,"",297,14.05,1,TRUE,571911,"No title","Male",91104,1972,NA,NA,NA
195932,"municipal_2006","Jaroslav","Štangl",34,"BEZPP","ČSSD",NA,NA,"
Česká str.sociálně demokrat.
",2,"",204,10.24,2,TRUE,571911,"No title","Male",38558,1972,"prodejce inf. technologie","Nasavrky",NA
195932,"municipal_2010","Jaroslav","Štangl",38,"BEZPP","ČSSD",NA,NA,"
Česká str.sociálně demokrat.
",6,"",146,8.71,1,FALSE,571911,"No title","Male",46861,1972,"živnostník","Nasavrky","Štangl Jaroslav"
195932,"municipal_2014","Jaroslav","Štangl",42,"BEZPP","PATRIOTI",NA,NA,"
PATRIOTI
",6,"",149,7.73,3,FALSE,571911,"No title","Male",44755,1972,"obchodní manažer","Nasavrky","Štangl Jaroslav"
195932,"municipal_2018","Jaroslav","Štangl",46,"BEZPP","PATRIOTI",1,776,"PATRIOTI",2,"",0,0,NA,FALSE,571911,"No title","Male",119832,1972,NA,NA,"Štangl Jaroslav"
195936,"municipal_1998","Jan","Štěpán",28,"BEZPP","US-DEU",NA,3,"Unie svobody",8,"",113,6.81,5,FALSE,571911,"No title","Male",85011,1970,NA,NA,NA
195936,"municipal_2010","Jan","Štěpán",40,"BEZPP","ČSSD",NA,NA,"
Česká str.sociálně demokrat.
",5,"",177,10.56,2,TRUE,571911,"No title","Male",46860,1970,"hasič","Nasavrky","Štěpán Jan"
195936,"municipal_2014","Jan","Štěpán",44,"BEZPP","NK",NA,NA,"
ZA LEPŠÍ NASAVRCKO, SNK
",2,"",227,7.72,1,FALSE,571911,"No title","Male",44766,1970,"vedoucí autoservisu","Nasavrky","Štěpán Jan"
352595,"municipal_2006","Zdeněk","Štěpánek",34,"BEZPP","ČSSD",NA,NA,"
Česká str.sociálně demokrat.
",11,"",80,4.01,9,FALSE,571911,"No title","Male",38567,1972,"podnikatel","Nasavrky",NA
195927,"municipal_1998","Jan","Švadlenka",49,"BEZPP","NK",NA,2,"Sdružení ČSSD, NK",1,"",196,27.92,1,TRUE,571911,"No title","Male",84999,1949,NA,NA,NA
352593,"municipal_2006","Josef","Švadlenka",31,"BEZPP","ČSSD",NA,NA,"
Česká str.sociálně demokrat.
",9,"",94,4.72,7,FALSE,571911,"No title","Male",38565,1975,"podnikatel","Nasavrky",NA
352643,"municipal_2006","Josef","Švadlenka",36,"BEZPP","NK",NA,NA,"
SNK Nasavrcka
",10,"",60,6.96,10,FALSE,571911,"No title","Male",38648,1970,"podnikatel","Nasavrky - Nová Ves",NA
352593,"municipal_2010","Josef","Švadlenka",35,"BEZPP","ČSSD",NA,NA,"
Česká str.sociálně demokrat.
",12,"",95,5.66,10,FALSE,571911,"No title","Male",46867,1975,"živnostník","Nasavrky","Švadlenka Josef"
352622,"municipal_2006","Ivana","Tejnecká",41,"BEZPP","KDU-ČSL",NA,NA,"
Křesť.demokr.unie-Čs.str.lid.
",7,"",58,4.99,6,FALSE,571911,"No title","Female",38600,1965,"dámská krejčová","Nasavrky",NA
352622,"municipal_2010","Ivana","Tejnecká",45,"BEZPP","KDU-ČSL",NA,NA,"
Sdružení KDU-ČSL, NK
",7,"",41,4.35,7,FALSE,571911,"No title","Female",46877,1965,"dámská krejčová","Nasavrky","Tejnecká Ivana"
352622,"municipal_2014","Ivana","Tejnecká",49,"BEZPP","KDU-ČSL",NA,NA,"
KOALICE PRO NASAVRCKO
",8,"",70,5.64,7,FALSE,571911,"No title","Female",44727,1965,"dámská krejčová","Nasavrky","Tejnecká Ivana"
352623,"municipal_2006","Leoš","Tesařík",28,"BEZPP","KDU-ČSL",NA,NA,"
Křesť.demokr.unie-Čs.str.lid.
",8,"",70,6.02,7,FALSE,571911,"No title","Male",38601,1978,"soukr.podnikatel","Nasavrky",NA
442939,"municipal_2010","Stanislav","Tlapák",51,"BEZPP","ČSSD",NA,NA,"
Česká str.sociálně demokrat.
",14,"",79,4.71,12,FALSE,571911,"No title","Male",46869,1959,"invalidní důchodce","Nasavrky","Tlapák Stanislav"
70140,"municipal_1994","František","Tomek",44,"BEZPP","KDU-ČSL",NA,5,"Křesť.a dem.unie-Čs.str.lidová",5,"",240,8.73,2,TRUE,571911,"No title","Male",70140,1950,NA,NA,NA
70150,"municipal_1994","Zdeněk","Tomek",62,"KDU-ČSL","KDU-ČSL",NA,5,"Křesť.a dem.unie-Čs.str.lidová",15,"",81,2.94,11,FALSE,571911,"No title","Male",70150,1932,NA,NA,NA
70140,"municipal_1998","František","Tomek",48,"BEZPP","KDU-ČSL",NA,4,"Křesť.demokr.unie-Čs.str.lid.",7,"",108,7.37,2,FALSE,571911,"No title","Male",85021,1950,NA,NA,NA
70150,"municipal_1998","Zdeněk","Tomek",66,"KDU-ČSL","KDU-ČSL",NA,4,"Křesť.demokr.unie-Čs.str.lid.",15,"",31,2.11,13,FALSE,571911,"No title","Male",85029,1932,NA,NA,NA
195924,"municipal_1998","Bohuslav","Tomek",48,"BEZPP","NK",NA,1,"Sdružení KSČM, NK",7,"",179,6.58,3,FALSE,571911,"No title","Male",84990,1950,NA,NA,NA
70150,"municipal_2002","Zdeněk","Tomek",70,"KDU-ČSL","KDU-ČSL",NA,4,"Koalice KDU-ČSL, US-DEU",15,"",39,1.91,12,FALSE,571911,"No title","Male",91162,1932,NA,NA,NA
195924,"municipal_2002","Bohuslav","Tomek",51,"BEZPP","NK",NA,3,"Sdružení KSČM a NK",10,"",150,5.65,6,FALSE,571911,"No title","Male",91142,1951,NA,NA,NA
70140,"municipal_2006","František","Tomek",56,"BEZPP","KDU-ČSL",NA,NA,"
Křesť.demokr.unie-Čs.str.lid.
",9,"",72,6.2,8,FALSE,571911,"No title","Male",38602,1950,"mechanik el. zařízení","Nasavrky",NA
195929,"municipal_1998","Jaroslava","Tomková",60,"BEZPP","NK",NA,2,"Sdružení ČSSD, NK",5,"",70,9.97,4,FALSE,571911,"No title","Female",85003,1938,NA,NA,NA
352648,"municipal_2006","Miloš","Tuhý",31,"BEZPP","NK",NA,NA,"
SNK Nasavrcka
",15,"",42,4.87,14,FALSE,571911,"No title","Male",38653,1975,"stavební dělník","Nasavrky - Ochoz",NA
352648,"municipal_2010","Miloš","Tuhý",35,"BEZPP","NK",NA,NA,"
SNK Nasavrcka
",8,"",154,5.8,5,FALSE,571911,"No title","Male",46923,1975,"skladník","Ochoz, Nasavrky","Tuhý Miloš"
352648,"municipal_2014","Miloš","Tuhý",39,"BEZPP","NK",NA,NA,"
ZA LEPŠÍ NASAVRCKO, SNK
",13,"",156,5.3,9,FALSE,571911,"No title","Male",44777,1975,"logistik","Ochoz","Tuhý Miloš"
442954,"municipal_2010","Eva","Tumpachová",52,"BEZPP","ODS",NA,NA,"
Občanská demokratická strana
",12,"Ing.",186,5.8,8,FALSE,571911,"Master","Female",46912,1958,"ekonom","Nasavrky","Tumpachová Eva Ing."
442954,"municipal_2014","Eva","Tumpachová",56,"BEZPP","ANO",NA,NA,"
ANO 2011
",14,"Ing.",146,4.51,9,FALSE,571911,"Master","Female",44718,1958,"OSVČ","Nasavrky","Tumpachová Eva Ing."
442954,"municipal_2018","Eva","Tumpachová",59,"BEZPP","PATRIOTI",1,776,"PATRIOTI",3,"",0,0,NA,FALSE,571911,"No title","Female",119833,1959,NA,NA,"Tumpachová Eva"
657857,"municipal_2018","Jan","Vaníček",18,"BEZPP","KDU-ČSL",1,355,"KOALICE PRO NASAVRCKO",13,"",0,0,NA,FALSE,571911,"No title","Male",119813,2000,NA,NA,"Vaníček Jan"
195940,"municipal_1998","Libuše","Vaníčková",35,"BEZPP","KDU-ČSL",NA,4,"Křesť.demokr.unie-Čs.str.lid.",4,"",97,6.62,3,FALSE,571911,"No title","Female",85018,1963,NA,NA,NA
195940,"municipal_2002","Libuše","Vaníčková",39,"BEZPP","KDU-ČSL",NA,4,"Koalice KDU-ČSL, US-DEU",4,"",104,5.11,3,FALSE,571911,"No title","Female",91151,1963,NA,NA,NA
195940,"municipal_2006","Libuše","Vaníčková",43,"BEZPP","KDU-ČSL",NA,NA,"
Křesť.demokr.unie-Čs.str.lid.
",2,"",84,7.23,3,FALSE,571911,"No title","Female",38595,1963,"podnikatelka","Nasavrky",NA
195940,"municipal_2010","Libuše","Vaníčková",47,"BEZPP","KDU-ČSL",NA,NA,"
Sdružení KDU-ČSL, NK
",6,"",80,8.49,4,FALSE,571911,"No title","Female",46876,1963,"majitelka obchodu","Nasavrky","Vaníčková Libuše"
195940,"municipal_2014","Libuše","Vaníčková",51,"KDU-ČSL","KDU-ČSL",NA,NA,"
KOALICE PRO NASAVRCKO
",5,"",107,8.62,3,FALSE,571911,"No title","Female",44724,1963,"OSVČ","Nasavrky","Vaníčková Libuše"
195940,"municipal_2018","Libuše","Vaníčková",55,"KDU-ČSL","KDU-ČSL",1,355,"KOALICE PRO NASAVRCKO",3,"",0,0,NA,FALSE,571911,"No title","Female",119803,1963,NA,NA,"Vaníčková Libuše"
70109,"municipal_1994","Milan","Vaňkát",56,"BEZPP","KSČM",NA,2,"Sdružení KSČM, NK",5,"",376,10.17,2,TRUE,571911,"No title","Male",70109,1938,NA,NA,NA
70128,"municipal_1994","Milan","Vaško",38,"BEZPP","ODS",NA,3,"Občanská demokratická strana",9,"",272,6.2,3,FALSE,571911,"No title","Male",70128,1956,NA,NA,NA
352626,"municipal_2006","Barbora","Vašková",20,"BEZPP","KDU-ČSL",NA,NA,"
Křesť.demokr.unie-Čs.str.lid.
",13,"",80,6.89,12,FALSE,571911,"No title","Female",38606,1986,"kosmetické služby","Nasavrky - Ochoz",NA
352596,"municipal_2006","Libor","Vecek",38,"BEZPP","ČSSD",NA,NA,"
Česká str.sociálně demokrat.
",12,"",74,3.71,10,FALSE,571911,"No title","Male",38568,1968,"dělník","Nasavrky - Ochoz",NA
352636,"municipal_2006","Věra","Vecková",36,"BEZPP","NK",NA,NA,"
SNK Nasavrcka
",2,"",62,7.2,6,FALSE,571911,"No title","Female",38640,1970,"pracovnice sociální péče","Nasavrky - Ochoz",NA
352647,"municipal_2006","Petra","Ventluková",27,"BEZPP","NK",NA,NA,"
SNK Nasavrcka
",14,"",41,4.76,13,FALSE,571911,"No title","Female",38652,1979,"zdravotní sestra","Nasavrky - Podlíšťany",NA
70142,"municipal_1994","Hana","Víšková",40,"BEZPP","KDU-ČSL",NA,5,"Křesť.a dem.unie-Čs.str.lidová",7,"",211,7.68,4,TRUE,571911,"No title","Female",70142,1954,NA,NA,NA
70142,"municipal_1998","Hana","Víšková",44,"BEZPP","KDU-ČSL",NA,4,"Křesť.demokr.unie-Čs.str.lid.",10,"",80,5.46,8,FALSE,571911,"No title","Female",85024,1954,NA,NA,NA
538810,"municipal_2014","Anna","Víšková",31,"KDU-ČSL","KDU-ČSL",NA,NA,"
KOALICE PRO NASAVRCKO
",4,"",91,7.33,5,FALSE,571911,"No title","Female",44723,1983,"ekologický hospodář","Nasavrky","Víšková Anna"
538810,"municipal_2018","Anna","Víšková",35,"KDU-ČSL","KDU-ČSL",1,355,"KOALICE PRO NASAVRCKO",5,"",0,0,NA,FALSE,571911,"No title","Female",119805,1983,NA,NA,"Víšková Anna"
538804,"municipal_2014","Martin","Vlasák",49,"BEZPP","ANO",NA,NA,"
ANO 2011
",4,"Ing.",226,6.99,1,FALSE,571911,"Master","Male",44708,1965,"lesník","Nasavrky","Vlasák Martin Ing."
538804,"municipal_2018","Martin","Vlasák",53,"BEZPP","ANO",1,768,"ANO 2011",5,"",0,0,NA,FALSE,571911,"No title","Male",119820,1965,NA,NA,"Vlasák Martin"
70133,"municipal_1994","Sáša","Vodehnalová",61,"BEZPP","ODS",NA,3,"Občanská demokratická strana",14,"",120,2.73,8,FALSE,571911,"No title","Female",70133,1933,NA,NA,NA
70132,"municipal_1994","Lydie","Vojtěchovská",70,"ODS","ODS",NA,3,"Občanská demokratická strana",13,"",192,4.38,7,FALSE,571911,"No title","Female",70132,1924,NA,NA,NA
657854,"municipal_2018","Hana","Vondrová",35,"BEZPP","NK",1,355,"KOALICE PRO NASAVRCKO",9,"",0,0,NA,FALSE,571911,"No title","Female",119809,1983,NA,NA,"Vondrová Hana"
70145,"municipal_1994","Ludmila","Vrběcká",48,"KDU-ČSL","KDU-ČSL",NA,5,"Křesť.a dem.unie-Čs.str.lidová",10,"",105,3.82,7,FALSE,571911,"No title","Female",70145,1946,NA,NA,NA
70145,"municipal_1998","Ludmila","Vrběcká",52,"KDU-ČSL","KDU-ČSL",NA,4,"Křesť.demokr.unie-Čs.str.lid.",9,"",86,5.87,7,FALSE,571911,"No title","Female",85023,1946,NA,NA,NA
70145,"municipal_2018","Ludmila","Vrběcká",72,"KDU-ČSL","KDU-ČSL",1,355,"KOALICE PRO NASAVRCKO",15,"",0,0,NA,FALSE,571911,"No title","Female",119815,1946,NA,NA,"Vrběcká Ludmila"
442970,"municipal_2010","Ivana","Wagnerová",48,"BEZPP","NK",NA,NA,"
SNK Náš region Nasavrcko
",10,"PharmDr.",164,7.77,2,FALSE,571911,"Doctor","Female",46940,1962,"lékárnice","Nasavrky","Wagnerová Ivana PharmDr."
70148,"municipal_1994","Luboš","Závorka",36,"BEZPP","KDU-ČSL",NA,5,"Křesť.a dem.unie-Čs.str.lidová",13,"",240,8.73,3,TRUE,571911,"No title","Male",70148,1958,NA,NA,NA
442955,"municipal_2010","Radka","Závorková",46,"BEZPP","ODS",NA,NA,"
Občanská demokratická strana
",13,"",174,5.43,9,FALSE,571911,"No title","Female",46913,1964,"podnikatelka","Nasavrky","Závorková Radka"
442955,"municipal_2014","Radka","Závorková",50,"BEZPP","PATRIOTI",NA,NA,"
PATRIOTI
",15,"",115,5.96,12,FALSE,571911,"No title","Female",44764,1964,"pracovnice turistického centra","Nasavrky","Závorková Radka"
442955,"municipal_2018","Radka","Závorková",54,"BEZPP","PATRIOTI",1,776,"PATRIOTI",14,"",0,0,NA,FALSE,571911,"No title","Female",119844,1964,NA,NA,"Závorková Radka"
195937,"municipal_1998","Josef","Zdražil",37,"BEZPP","US-DEU",NA,3,"Unie svobody",9,"",92,5.54,6,FALSE,571911,"No title","Male",85012,1961,NA,NA,NA
70143,"municipal_1994","Antonín","Znojemský",49,"BEZPP","KDU-ČSL",NA,5,"Křesť.a dem.unie-Čs.str.lidová",8,"",172,6.26,5,FALSE,571911,"No title","Male",70143,1945,NA,NA,NA
70143,"municipal_1998","Antonín","Znojemský",53,"BEZPP","KDU-ČSL",NA,4,"Křesť.demokr.unie-Čs.str.lid.",11,"",79,5.39,9,FALSE,571911,"No title","Male",85025,1945,NA,NA,NA
442963,"municipal_2010","Antonín","Znojemský",37,"BEZPP","NK",NA,NA,"
SNK Nasavrcka
",12,"",135,5.08,9,FALSE,571911,"No title","Male",46927,1973,"dělník","Nasavrky","Znojemský Antonín"
538807,"municipal_2014","Zdenka","Zychalová",33,"BEZPP","ANO",NA,NA,"
ANO 2011
",13,"",182,5.63,8,FALSE,571911,"No title","Female",44717,1981,"účetní","Nasavrky","Zychalová Zdenka"
538807,"municipal_2018","Zdenka","Zychalová",37,"BEZPP","ANO",1,768,"ANO 2011",3,"",0,0,NA,FALSE,571911,"No title","Female",119818,1981,NA,NA,"Zychalová Zdenka"
289616,"municipal_2002","Vladimír","Žaloudek",37,"BEZPP","NK",NA,3,"Sdružení KSČM a NK",7,"",139,5.24,3,FALSE,571911,"No title","Male",91139,1965,NA,NA,NA
289616,"municipal_2006","Vladimír","Žaloudek",41,"BEZPP","NK",NA,NA,"
Sdružení KSČM, NK
",4,"",149,6.24,1,FALSE,571911,"No title","Male",38627,1965,"mechanik měř. zařízení","Nasavrky",NA
289616,"municipal_2010","Vladimír","Žaloudek",45,"BEZPP","KSČM",NA,NA,"
Komunistická str.Čech a Moravy
",2,"",160,7.91,4,FALSE,571911,"No title","Male",46887,1965,"mechanik měř. zařízení","Nasavrky","Žaloudek Vladimír"
70131,"municipal_1994","Vladimír","Žemlička",41,"BEZPP","ODS",NA,3,"Občanská demokratická strana",12,"",277,6.32,6,FALSE,571911,"No title","Male",70131,1953,NA,NA,NA
70131,"municipal_1998","Vladimír","Žemlička",45,"BEZPP","ODS",NA,5,"Občanská demokratická strana",5,"",189,6.13,2,FALSE,571911,"No title","Male",85034,1953,NA,NA,NA
70131,"municipal_2002","Vladimír","Žemlička",49,"BEZPP","ODS",NA,2,"Občanská demokratická strana",11,"",206,5.61,6,FALSE,571911,"No title","Male",91128,1953,NA,NA,NA
70131,"municipal_2006","Vladimír","Žemlička",53,"BEZPP","ODS",NA,NA,"
Občanská demokratická strana
",9,"",243,6.33,3,FALSE,571911,"No title","Male",38617,1953,"technik","Nasavrky",NA
70131,"municipal_2010","Vladimír","Žemlička",57,"BEZPP","NK",NA,NA,"
SNK Náš region Nasavrcko
",5,"",155,7.34,3,FALSE,571911,"No title","Male",46935,1953,"technik","Nasavrky","Žemlička Vladimír"
70131,"municipal_2014","Vladimír","Žemlička",61,"BEZPP","NK",NA,NA,"
ZA LEPŠÍ NASAVRCKO, SNK
",4,"",237,8.06,4,TRUE,571911,"No title","Male",44768,1953,"technik radiokomunikací","Nasavrky","Žemlička Vladimír"
70105,"municipal_1994","Jan","Židek",50,"BEZPP","KSČM",NA,2,"Sdružení KSČM, NK",1,"",414,11.2,1,TRUE,571911,"No title","Male",70105,1944,NA,NA,NA
195922,"municipal_1998","Jan","Žídek",54,"BEZPP","KSČM",NA,1,"Sdružení KSČM, NK",1,"",313,11.51,1,TRUE,571911,"No title","Male",84984,1944,NA,NA,NA
195922,"municipal_2002","Jan","Žídek",58,"BEZPP","KSČM",NA,3,"Sdružení KSČM a NK",1,"",275,10.36,2,TRUE,571911,"No title","Male",91133,1944,NA,NA,NA
